Country/Region;Population;Area;Maximum;Per 100,000 inh.;Comments;2020-01-22;2020-01-23;2020-01-24;2020-01-25;2020-01-26;2020-01-27;2020-01-28;2020-01-29;2020-01-30;2020-01-31;2020-02-01;2020-02-02;2020-02-03;2020-02-04;2020-02-05;2020-02-06;2020-02-07;2020-02-08;2020-02-09;2020-02-10;2020-02-11;2020-02-12;2020-02-13;2020-02-14;2020-02-15;2020-02-16;2020-02-17;2020-02-18;2020-02-19;2020-02-20;2020-02-21;2020-02-22;2020-02-23;2020-02-24;2020-02-25;2020-02-26;2020-02-27;2020-02-28;2020-02-29;2020-03-01;2020-03-02;2020-03-03;2020-03-04;2020-03-05;2020-03-06;2020-03-07;2020-03-08;2020-03-09;2020-03-10;2020-03-11;2020-03-12;2020-03-13;2020-03-14;2020-03-15;2020-03-16;2020-03-17;2020-03-18;2020-03-19;2020-03-20;2020-03-21;2020-03-22;2020-03-23;2020-03-24
0 America;1024461276;38395075;63972;6.2444527186;;1;1;2;2;6;6;7;7;7;11;12;12;15;15;16;16;18;18;18;18;19;19;20;20;20;20;21;21;21;21;24;24;24;61;62;69;72;76;94;112;139;165;207;285;357;515;671;760;1161;1561;1991;2760;3422;4343;5918;8137;9976;16624;22998;30673;40150;52385;63972
00 N. America;372101241;18250341;56588;15.2076891353;;1;1;2;2;6;6;7;7;7;11;12;12;15;15;16;16;18;18;18;18;19;19;20;20;20;20;21;21;21;21;24;24;24;61;62;68;71;74;88;98;125;148;182;254;311;456;582;660;1038;1389;1780;2370;2923;3749;5053;6901;8444;14485;20061;26792;34782;45982;56588
01 M. America;179670200;2452270;948;0.5276334083;;0;0;0;0;0;0;0;0;0;0;0;0;0;0;0;0;0;0;0;0;0;0;0;0;0;0;0;0;0;0;0;0;0;0;0;0;0;1;4;5;5;5;5;5;7;7;12;16;17;31;47;64;91;115;151;206;244;319;428;566;748;875;948
03 Caribbean;40560546;215472;658;1.6222661302;;0;0;0;0;0;0;0;0;0;0;0;0;0;0;0;0;0;0;0;0;0;0;0;0;0;0;0;0;0;0;0;0;0;0;0;0;0;0;0;1;1;1;4;4;5;7;10;10;10;12;16;28;45;50;65;98;118;160;229;327;471;562;658
04 S. America;432129289;17476992;5778;1.3370998326;;0;0;0;0;0;0;0;0;0;0;0;0;0;0;0;0;0;0;0;0;0;0;0;0;0;0;0;0;0;0;0;0;0;0;0;1;1;1;2;8;8;11;16;22;34;45;67;74;96;129;148;298;363;429;649;932;1170;1660;2280;2988;4149;4966;5778
1 Europe;609891552;21312221.4400000013;186937;30.6508590563;;0;0;0;0;0;1;4;5;5;11;15;17;19;20;20;20;22;22;24;24;26;26;26;26;26;26;26;26;26;26;43;85;178;252;354;510;751;1016;1340;2033;2495;3098;3958;5237;6675;8473;10761;13359;15957;20268;20831;33038;40063;48379;56553;66200;77691;94084;111420;130107;146731;167326;186937
11 N. Europe;21451759;1181143;6711;31.2841478407;;0;0;0;0;0;0;0;1;1;2;2;2;2;2;2;2;2;2;2;2;2;2;2;2;2;2;2;2;2;2;2;2;2;2;2;5;10;16;31;42;52;70;124;228;268;374;454;543;866;1244;1465;2102;2441;2669;2911;3241;3473;3987;4492;4969;5628;6073;6711
12 W. Europe;136029709;606885;60513;44.4851352288;;0;0;0;0;0;1;4;4;4;5;8;10;12;13;13;13;14;14;15;15;17;17;17;17;17;17;17;17;17;17;17;17;17;17;21;31;59;61;115;185;247;313;450;777;1197;1524;1969;2266;2820;3676;3914;6808;8433;11071;13217;16613;21067;26594;33991;39573;45312;52917;60513
13 S. Europe;129670199;1023531.4399999999;112793;86.9845198587;;0;0;0;0;0;0;0;0;0;2;3;3;3;3;3;3;4;4;5;5;5;5;5;5;5;5;5;5;5;5;22;64;157;231;328;467;674;925;1179;1787;2175;2688;3344;4180;5119;6479;8194;10393;12037;14975;14983;23305;28074;33274;38767;44332;50750;60511;69318;81173;90642;102400;112793
14 E. Europe;322739885;18500662;6920;2.1441415585;;0;0;0;0;0;0;0;0;0;2;2;2;2;2;2;2;2;2;2;2;2;2;2;2;2;2;2;2;2;2;2;2;2;2;3;7;8;14;15;19;21;27;40;52;91;96;144;157;234;373;469;823;1115;1365;1658;2014;2401;2992;3619;4392;5149;5936;6920
2 Asia Pacific;4192529278;31181951;101100;2.411432176;;554;653;937;1429;2109;2917;5563;6145;8213;9894;11999;16745;19834;23844;27586;30745;34276;36998;40023;42558;44595;44973;60119;66592;68669;70792;72726;74516;74938;75480;76067;77764;77985;78449;79122;79846;80811;81728;83011;84205;85037;86052;86702;87371;88150;88752;89190;89463;89688;90150;90306;90760;91215;91806;92353;93065;93761;94728;95572;96981;98619;99710;101100
21 C. Asia;75861692;3497518;570;0.75136737;;0;0;0;0;0;0;0;0;0;0;0;0;0;0;0;0;0;0;0;0;0;0;0;0;0;0;0;0;0;0;0;0;0;0;0;1;1;1;1;7;7;7;7;11;11;14;23;25;27;36;39;52;69;92;129;183;203;269;311;372;430;492;570
22 India Region;1817448317;4118717;1666;0.0916669808;;0;0;0;1;1;2;2;2;3;3;3;4;5;5;5;5;5;5;5;5;5;5;5;5;5;5;5;5;5;5;5;5;5;5;5;7;7;7;9;9;11;12;35;37;40;43;55;59;84;96;108;130;158;204;306;447;535;740;854;1178;1297;1521;1666
23 China;1439323776;9388211;81591;5.6687036899;;548;643;920;1406;2075;2877;5509;6087;8141;9802;11891;16630;19716;23707;27440;30587;34110;36814;39829;42354;44386;44759;59895;66358;68413;70513;72434;74211;74619;75077;75550;77001;77022;77241;77754;78166;78600;78928;79356;79932;80136;80261;80386;80537;80690;80770;80823;80860;80887;80921;80932;80945;80977;81003;81033;81058;81102;81156;81250;81305;81435;81498;81591
24 N.E. Asia;177745646;461785;10230;5.7554152409;;3;3;4;4;7;8;11;11;15;26;32;35;35;38;41;45;49;49;51;53;54;56;56;57;71;88;96;105;115;198;309;555;749;992;1147;1450;1980;2565;3391;3992;4609;5479;5952;6448;7013;7502;7816;7989;8094;8394;8508;8680;8859;9001;9075;9198;9302;9489;9615;9806;10062;10089;10230
25 S.E. Asia;650252129;5729240;4805;0.7389441396;;3;7;13;18;22;25;36;39;45;54;61;64;66;81;87;94;97;115;123;131;135;138;148;157;165;171;176;180;184;185;188;188;194;196;201;207;208;211;228;237;243;253;267;280;332;355;392;434;484;570;586;745;893;1198;1422;1712;2028;2356;2698;3177;3720;4297;4805
26 AU / NZ;30322117;7945610;2199;7.2521321648;;0;0;0;0;4;5;5;6;9;9;12;12;12;13;13;14;15;15;15;15;15;15;15;15;15;15;15;15;15;15;15;15;15;15;15;15;15;16;26;28;31;40;55;58;64;68;81;96;112;133;133;205;256;305;385;464;588;709;830;1123;1651;1784;2199
27 Pacific Ocean;1575601;40870;39;2.4752459538;;0;0;0;0;0;0;0;0;0;0;0;0;0;0;0;0;0;0;0;0;0;0;0;0;0;0;0;0;0;0;0;0;0;0;0;0;0;0;0;0;0;0;0;0;0;0;0;0;0;0;0;3;3;3;3;3;3;9;14;20;24;29;39
3 ME/Africa;1601709154;31139798;34054;2.1261038507;;0;0;0;0;0;0;0;4;4;4;4;5;5;5;5;5;5;7;7;8;8;8;8;9;9;10;10;10;12;15;30;44;59;83;150;227;353;509;735;1144;1695;2558;3167;3781;5067;6207;7043;7663;8662;10011;11167;12683;14260;15715;16959;18466;20048;21856;23631;25450;27820;30518;34054
31 MENA;551117644;12101010;32634;5.9214217428;;0;0;0;0;0;0;0;4;4;4;4;5;5;5;5;5;5;7;7;8;8;8;8;9;9;10;10;10;12;15;30;44;59;83;150;227;353;508;734;1143;1693;2555;3162;3775;5059;6199;7032;7651;8645;9984;11136;12630;14181;15599;16803;18291;19784;21509;23140;24821;27032;29442;32634
32 SSa Africa;1050591510;19038788;1420;0.1351619527;;0;0;0;0;0;0;0;0;0;0;0;0;0;0;0;0;0;0;0;0;0;0;0;0;0;0;0;0;0;0;0;0;0;0;0;0;0;1;1;1;2;3;5;6;8;8;11;12;17;27;31;53;79;116;156;175;264;347;491;629;788;1076;1420
Afghanistan;38928346;652860;74;0.1900928439;;0;0;0;0;0;0;0;0;0;0;0;0;0;0;0;0;0;0;0;0;0;0;0;0;0;0;0;0;0;0;0;0;0;1;1;1;1;1;1;1;1;1;1;1;1;1;4;4;5;7;7;7;11;16;21;22;22;22;24;24;40;40;74
Albania;2877797;27400;123;4.2741027251;;0;0;0;0;0;0;0;0;0;0;0;0;0;0;0;0;0;0;0;0;0;0;0;0;0;0;0;0;0;0;0;0;0;0;0;0;0;0;0;0;0;0;0;0;0;0;0;2;10;12;23;33;38;42;51;55;59;64;70;76;89;104;123
Algeria;43851044;2381740;264;0.602038118;;0;0;0;0;0;0;0;0;0;0;0;0;0;0;0;0;0;0;0;0;0;0;0;0;0;0;0;0;0;0;0;0;0;0;1;1;1;1;1;1;3;5;12;12;17;17;19;20;20;20;24;26;37;48;54;60;74;87;90;139;201;230;264
American Samoa;55191;200;0.0;0;;;;;;;;;;;;;;;;;;;;;;;;;;;;;;;;;;;;;;;;;;;;;;;;;;;;;;;;0.0;0.0;0.0;0.0;0.0;;;;0.0
Andorra;77265;470;164;212.2565197696;;0;0;0;0;0;0;0;0;0;0;0;0;0;0;0;0;0;0;0;0;0;0;0;0;0;0;0;0;0;0;0;0;0;0;0;0;0;0;0;0;1;1;1;1;1;1;1;1;1;1;1;1;1;1;2;39;39;53;75;88;113;133;164
Angola;32866272;1246700;3;0.0091278987;;0;0;0;0;0;0;0;0;0;0;0;0;0;0;0;0;0;0;0;0;0;0;0;0;0;0;0;0;0;0;0;0;0;0;0;0;0;0;0;0;0;0;0;0;0;0;0;0;0;0;0;0;0;0;0;0;0;0;1;2;2;3;3
Antigua and Barbuda;97929;440;3;3.0634439237;;0;0;0;0;0;0;0;0;0;0;0;0;0;0;0;0;0;0;0;0;0;0;0;0;0;0;0;0;0;0;0;0;0;0;0;0;0;0;0;0;0;0;0;0;0;0;0;0;0;0;0;1;1;1;1;1;1;1;1;1;1;3;3
Argentina;45195774;2736690;387;0.8562747482;;0;0;0;0;0;0;0;0;0;0;0;0;0;0;0;0;0;0;0;0;0;0;0;0;0;0;0;0;0;0;0;0;0;0;0;0;0;0;0;0;0;1;1;1;2;8;12;12;17;19;19;31;34;45;56;68;79;97;128;158;266;301;387
Armenia;2963243;28470;249;8.4029558156;;0;0;0;0;0;0;0;0;0;0;0;0;0;0;0;0;0;0;0;0;0;0;0;0;0;0;0;0;0;0;0;0;0;0;0;0;0;0;0;1;1;1;1;1;1;1;1;1;1;1;4;8;18;26;52;78;84;115;136;160;194;235;249
Australia;25499884;7682300;2044;8.0157227382;;0;0;0;0;4;5;5;6;9;9;12;12;12;13;13;14;15;15;15;15;15;15;15;15;15;15;15;15;15;15;15;15;15;15;15;15;15;15;25;27;30;39;52;55;60;63;76;91;107;128;128;200;250;297;377;452;568;681;791;1071;1549;1682;2044
Australia Australian Capital Territory;426709;2358;39;9.1397181686;;0;0;0;0;0;0;0;0;0;0;0;0;0;0;0;0;0;0;0;0;0;0;0;0;0;0;0;0;0;0;0;0;0;0;0;0;0;0;0;0;0;0;0;0;0;0;0;0;0;0;0;1;1;1;2;2;3;4;6;9;19;32;39
Australia New South Wales;8089526;809952;818;10.1118409163;;0;0;0;0;3;4;4;4;4;4;4;4;4;4;4;4;4;4;4;4;4;4;4;4;4;4;4;4;4;4;4;4;4;4;4;4;4;4;4;6;6;13;22;22;26;28;38;48;55;65;65;92;112;134;171;210;267;307;353;436;669;669;818
Australia Northern Territory;245869;1419630;6;2.4403239123;;0;0;0;0;0;0;0;0;0;0;0;0;0;0;0;0;0;0;0;0;0;0;0;0;0;0;0;0;0;0;0;0;0;0;0;0;0;0;0;0;0;0;1;1;0;0;0;0;1;1;1;1;1;1;1;1;1;1;3;3;5;5;6
Australia Queensland;5095100;1851736;397;7.7917999647;;0;0;0;0;0;0;0;1;3;2;3;2;2;3;3;4;5;5;5;5;5;5;5;5;5;5;5;5;5;5;5;5;5;5;5;5;5;5;9;9;9;11;11;13;13;13;15;15;18;20;20;35;46;61;68;78;94;144;184;221;259;319;397
Australia South Australia;1751693;1044353;170;9.7048969197;;0;0;0;0;0;0;0;0;0;0;1;2;2;2;2;2;2;2;2;2;2;2;2;2;2;2;2;2;2;2;2;2;2;2;2;2;2;2;3;3;3;3;5;5;7;7;7;7;7;9;9;16;19;20;29;29;37;42;50;67;100;134;170
Australia Tasmania;534281;90758;28;5.2406879526;;0;0;0;0;0;0;0;0;0;0;0;0;0;0;0;0;0;0;0;0;0;0;0;0;0;0;0;0;0;0;0;0;0;0;0;0;0;0;0;0;1;1;1;1;1;1;2;2;2;3;3;5;5;6;7;7;10;10;10;16;22;28;28
Australia Victoria;6594804;237657;411;6.232179152;;0;0;0;0;1;1;1;1;2;3;4;4;4;4;4;4;4;4;4;4;4;4;4;4;4;4;4;4;4;4;4;4;4;4;4;4;4;4;7;7;9;9;10;10;10;11;11;15;18;21;21;36;49;57;71;94;121;121;121;229;355;355;411
Australia Western Australia;2621680;2642753;175;6.6751090904;;0;0;0;0;0;0;0;0;0;0;0;0;0;0;0;0;0;0;0;0;0;0;0;0;0;0;0;0;0;0;0;0;0;0;0;0;0;0;2;2;2;2;2;3;3;3;3;4;6;9;9;14;17;17;28;31;35;52;64;90;120;140;175
Austria;9006398;82409;5283;58.658300466;;0;0;0;0;0;0;0;0;0;0;0;0;0;0;0;0;0;0;0;0;0;0;0;0;0;0;0;0;0;0;0;0;0;0;2;2;3;3;9;14;18;21;29;41;55;79;104;131;182;246;302;504;655;860;1018;1332;1646;2013;2388;2814;3582;4474;5283
Azerbaijan;10139177;82658;87;0.8580578088;;0;0;0;0;0;0;0;0;0;0;0;0;0;0;0;0;0;0;0;0;0;0;0;0;0;0;0;0;0;0;0;0;0;0;0;0;0;0;0;3;3;3;3;6;6;9;9;9;11;11;11;15;15;23;28;28;28;44;44;53;65;72;87
Bahamas;393244;10010;5;1.2714752164;;0;0;0;0;0;0;0;0;0;0;0;0;0;0;0;0;0;0;0;0;0;0;0;0;0;0;0;0;0;0;0;0;0;0;0;0;0;0;0;0;0;0;0;0;0;0;0;0;0;0;0;0;0;0;1;1;1;3;3;4;4;4;5
Bahrain;1701575;760;392;23.0374799818;;0;0;0;0;0;0;0;0;0;0;0;0;0;0;0;0;0;0;0;0;0;0;0;0;0;0;0;0;0;0;0;0;0;1;23;33;33;36;41;47;49;49;52;55;60;85;85;95;110;195;195;195;210;214;214;228;256;278;285;305;334;377;392
Bangladesh;164689383;130170;39;0.0236809437;;0;0;0;0;0;0;0;0;0;0;0;0;0;0;0;0;0;0;0;0;0;0;0;0;0;0;0;0;0;0;0;0;0;0;0;0;0;0;0;0;0;0;0;0;0;0;3;3;3;3;3;3;3;5;8;10;14;17;20;25;27;33;39
Barbados;287375;430;18;6.2635928665;;0;0;0;0;0;0;0;0;0;0;0;0;0;0;0;0;0;0;0;0;0;0;0;0;0;0;0;0;0;0;0;0;0;0;0;0;0;0;0;0;0;0;0;0;0;0;0;0;0;0;0;0;0;0;0;2;2;5;5;6;14;17;18
Belarus;9449323;202910;81;0.8572042674;;0;0;0;0;0;0;0;0;0;0;0;0;0;0;0;0;0;0;0;0;0;0;0;0;0;0;0;0;0;0;0;0;0;0;0;0;0;1;1;1;1;1;6;6;6;6;6;6;9;9;12;27;27;27;36;36;51;51;69;76;76;81;81
Belgium;11589623;30280;4269;36.8346752953;;0;0;0;0;0;0;0;0;0;0;0;0;0;1;1;1;1;1;1;1;1;1;1;1;1;1;1;1;1;1;1;1;1;1;1;1;1;1;1;2;8;13;23;50;109;169;200;239;267;314;314;559;689;886;1058;1243;1486;1795;2257;2815;3401;3743;4269
Belize;397628;22810;1;0.2514913437;;0;0;0;0;0;0;0;0;0;0;0;0;0;0;0;0;0;0;0;0;0;0;0;0;0;0;0;0;0;0;0;0;0;0;0;0;0;0;0;0;0;0;0;0;0;0;0;0;0;0;0;0;0;0;0;0;0;0;0;0;0;1;1
Benin;12123200;112760;6;0.0494918833;;0;0;0;0;0;0;0;0;0;0;0;0;0;0;0;0;0;0;0;0;0;0;0;0;0;0;0;0;0;0;0;0;0;0;0;0;0;0;0;0;0;0;0;0;0;0;0;0;0;0;0;0;0;0;1;1;2;2;2;2;2;5;6
Bermuda;62278;50;6;9.6342207521;;0;0;0;0;0;0;0;0;0;0;0;0;0;0;0;0;0;0;0;0;0;0;0;0;0;0;0;0;0;0;0;0;0;0;0;0;0;0;0;0;0;0;0;0;0;0;0;0;0;0;0;0;0;0;0;0;0;2;2;2;6;6;6
Bhutan;771608;38117;2;0.2591989715;;0;0;0;0;0;0;0;0;0;0;0;0;0;0;0;0;0;0;0;0;0;0;0;0;0;0;0;0;0;0;0;0;0;0;0;0;0;0;0;0;0;0;0;0;1;1;1;1;1;1;1;1;1;1;1;1;1;1;2;2;2;2;2
Bolivia;11673021;1083300;29;0.2484361161;;0;0;0;0;0;0;0;0;0;0;0;0;0;0;0;0;0;0;0;0;0;0;0;0;0;0;0;0;0;0;0;0;0;0;0;0;0;0;0;0;0;0;0;0;0;0;0;0;0;2;2;3;10;10;11;11;12;12;15;19;24;27;29
Bosnia and Herzegovina;3280819;51000;166;5.0597122243;;0;0;0;0;0;0;0;0;0;0;0;0;0;0;0;0;0;0;0;0;0;0;0;0;0;0;0;0;0;0;0;0;0;0;0;0;0;0;0;0;0;0;0;2;2;3;3;3;5;7;11;13;18;24;25;26;38;63;89;93;126;136;166
Brazil;212559417;8358140;2247;1.0571161851;;0;0;0;0;0;0;0;0;0;0;0;0;0;0;0;0;0;0;0;0;0;0;0;0;0;0;0;0;0;0;0;0;0;0;0;1;1;1;2;2;2;2;4;4;13;13;20;25;31;38;52;151;151;162;200;321;372;621;793;1021;1546;1924;2247
Brunei;437479;5270;104;23.7725696548;;0;0;0;0;0;0;0;0;0;0;0;0;0;0;0;0;0;0;0;0;0;0;0;0;0;0;0;0;0;0;0;0;0;0;0;0;0;0;0;0;0;0;0;0;0;0;0;1;1;11;11;37;40;50;54;56;68;75;78;83;88;91;104
Bulgaria;6948445;108560;218;3.1373926109;;0;0;0;0;0;0;0;0;0;0;0;0;0;0;0;0;0;0;0;0;0;0;0;0;0;0;0;0;0;0;0;0;0;0;0;0;0;0;0;0;0;0;0;0;0;0;4;4;4;7;7;23;41;51;52;67;92;94;127;163;187;201;218
Burkina Faso;20903273;273600;114;0.5453691391;;0;0;0;0;0;0;0;0;0;0;0;0;0;0;0;0;0;0;0;0;0;0;0;0;0;0;0;0;0;0;0;0;0;0;0;0;0;0;0;0;0;0;0;0;0;0;0;0;1;2;2;2;2;3;15;15;20;33;40;64;75;99;114
Cambodia;16718965;176520;91;0.5442920659;;0;0;0;0;0;1;1;1;1;1;1;1;1;1;1;1;1;1;1;1;1;1;1;1;1;1;1;1;1;1;1;1;1;1;1;1;1;1;1;1;1;1;1;1;1;1;2;2;2;3;3;5;7;7;7;33;35;37;51;53;84;87;91
Cameroon;26545863;472710;66;0.2486263114;;0;0;0;0;0;0;0;0;0;0;0;0;0;0;0;0;0;0;0;0;0;0;0;0;0;0;0;0;0;0;0;0;0;0;0;0;0;0;0;0;0;0;0;0;1;1;2;2;2;2;2;2;2;2;4;10;10;13;20;27;40;56;66
Canada;37742154;9093510;2777;7.357820648;;0;0;0;0;1;1;2;2;2;4;4;4;4;4;5;5;7;7;7;7;7;7;7;7;7;7;8;8;8;8;9;9;9;10;11;11;13;14;20;24;27;30;33;37;49;54;64;77;79;108;117;191;196;250;413;470;648;791;933;1267;1456;2075;2777
Canada Alberta;4067175;640330.46;359;8.8267655068;;0;0;0;0;0;0;0;0;0;0;0;0;0;0;0;0;0;0;0;0;0;0;0;0;0;0;0;0;0;0;0;0;0;0;0;0;0;0;0;0;0;0;0;0;1;2;4;7;7;19;19;29;29;39;56;74;97;119;146;195;259;301;359
Canada British Columbia;4648055;922503.01;617;13.2743696019;;0;0;0;0;0;0;1;1;1;1;1;1;1;1;2;2;4;4;4;4;4;4;4;4;4;4;5;5;5;5;6;6;6;6;7;7;7;7;8;8;8;9;12;13;21;21;27;32;32;39;46;64;64;73;103;103;186;231;271;424;424;472;617
Canada Manitoba;1278365;552370.99;21;1.6427233224;;0;0;0;0;0;0;0;0;0;0;0;0;0;0;0;0;0;0;0;0;0;0;0;0;0;0;0;0;0;0;0;0;0;0;0;0;0;0;0;0;0;0;0;0;0;0;0;0;0;0;0;4;4;4;7;8;15;17;17;18;20;20;21
Canada New Brunswick;747101;71388.81;18;2.4093127971;;0;0;0;0;0;0;0;0;0;0;0;0;0;0;0;0;0;0;0;0;0;0;0;0;0;0;0;0;0;0;0;0;0;0;0;0;0;0;0;0;0;0;0;0;0;0;0;0;0;1;1;1;1;2;6;8;11;11;11;17;17;17;18
Canada Newfoundland and Labrador;519716;370514.08;35;6.7344472751;;0;0;0;0;0;0;0;0;0;0;0;0;0;0;0;0;0;0;0;0;0;0;0;0;0;0;0;0;0;0;0;0;0;0;0;0;0;0;0;0;0;0;0;0;0;0;0;0;0;0;0;0;0;1;1;3;3;3;4;6;9;24;35
Canada Nova Scotia;923598;52942.27;51;5.5218828971;;0;0;0;0;0;0;0;0;0;0;0;0;0;0;0;0;0;0;0;0;0;0;0;0;0;0;0;0;0;0;0;0;0;0;0;0;0;0;0;0;0;0;0;0;0;0;0;0;0;0;0;0;0;0;5;7;12;14;15;21;28;41;51
Canada Ontario;13448494;908699.33;588;4.3722367724;;0;0;0;0;1;1;1;1;1;3;3;3;3;3;3;3;3;3;3;3;3;3;3;3;3;3;3;3;3;3;3;3;3;4;4;4;6;6;11;15;18;20;20;22;25;28;29;34;36;41;42;74;79;104;177;185;221;257;308;377;425;503;588
Canada Prince Edward Island;142907;5686.03;3;2.0992673557;;0;0;0;0;0;0;0;0;0;0;0;0;0;0;0;0;0;0;0;0;0;0;0;0;0;0;0;0;0;0;0;0;0;0;0;0;0;0;0;0;0;0;0;0;0;0;0;0;0;0;0;0;0;1;1;1;1;2;2;2;3;3;3
Canada Quebec;8164361;1356625.27;1013;12.407584623;;0;0;0;0;0;0;0;0;0;0;0;0;0;0;0;0;0;0;0;0;0;0;0;0;0;0;0;0;0;0;0;0;0;0;0;0;0;1;1;1;1;1;1;2;2;3;4;4;4;8;9;17;17;24;50;74;94;121;139;181;219;628;1013
Canada Recovered;Not defined;Not defined;0;0;Missing Country;0;0;0;0;0;0;0;0;0;0;0;0;0;0;0;0;0;0;0;0;0;0;0;0;0;0;0;0;0;0;0;0;0;0;0;0;0;0;0;0;0;0;0;0;0;0;0;0;0;0;0;0;0;0;0;0;0;0;0;0;0;0;0
Canada Saskatchewan;1098352;588243.54;72;6.5552755401;;0;0;0;0;0;0;0;0;0;0;0;0;0;0;0;0;0;0;0;0;0;0;0;0;0;0;0;0;0;0;0;0;0;0;0;0;0;0;0;0;0;0;0;0;0;0;0;0;0;0;0;2;2;2;7;7;8;16;20;26;52;66;72
Cape Verde;555987;4030;3;0.5395809614;;0;0;0;0;0;0;0;0;0;0;0;0;0;0;0;0;0;0;0;0;0;0;0;0;0;0;0;0;0;0;0;0;0;0;0;0;0;0;0;0;0;0;0;0;0;0;0;0;0;0;0;0;0;0;0;0;0;0;1;3;3;3;3
Central African Republic;4829767;622980;3;0.0621147977;;0;0;0;0;0;0;0;0;0;0;0;0;0;0;0;0;0;0;0;0;0;0;0;0;0;0;0;0;0;0;0;0;0;0;0;0;0;0;0;0;0;0;0;0;0;0;0;0;0;0;0;0;0;1;1;1;1;1;3;3;3;3;3
Chad;16425864;1259200;3;0.0182638795;;0;0;0;0;0;0;0;0;0;0;0;0;0;0;0;0;0;0;0;0;0;0;0;0;0;0;0;0;0;0;0;0;0;0;0;0;0;0;0;0;0;0;0;0;0;0;0;0;0;0;0;0;0;0;0;0;0;1;1;1;1;1;3
Channel Islands;173863;190;36;20.7059581395;;0;0;0;0;0;0;0;0;0;0;0;0;0;0;0;0;0;0;0;0;0;0;0;0;0;0;0;0;0;0;0;0;0;0;0;0;0;0;0;0;0;0;0;0;0;0;0;0;1;2;2;2;2;3;6;6;6;11;14;32;32;36;36
Chile;19116201;743532;922;4.8231340526;;0;0;0;0;0;0;0;0;0;0;0;0;0;0;0;0;0;0;0;0;0;0;0;0;0;0;0;0;0;0;0;0;0;0;0;0;0;0;0;0;0;1;1;4;4;4;8;8;13;23;23;43;61;74;155;201;238;238;434;537;632;746;922
China;1439323776;9388211;81591;5.6687036899;;548;643;920;1406;2075;2877;5509;6087;8141;9802;11891;16630;19716;23707;27440;30587;34110;36814;39829;42354;44386;44759;59895;66358;68413;70513;72434;74211;74619;75077;75550;77001;77022;77241;77754;78166;78600;78928;79356;79932;80136;80261;80386;80537;80690;80770;80823;80860;80887;80921;80932;80945;80977;81003;81033;81058;81102;81156;81250;81305;81435;81498;81591
China Anhui;59500510;139700;990;1.6638512846;;1;9;15;39;60;70;106;152;200;237;297;340;408;480;530;591;665;733;779;830;860;889;910;934;950;962;973;982;986;987;988;989;989;989;989;989;989;990;990;990;990;990;990;990;990;990;990;990;990;990;990;990;990;990;990;990;990;990;990;990;990;990;990
China Beijing;19612368;16800;558;2.8451434319;;14;22;36;41;68;80;91;111;114;139;168;191;212;228;253;274;297;315;326;337;342;352;366;372;375;380;381;387;393;395;396;399;399;399;400;400;410;410;411;413;414;414;418;418;422;426;428;428;429;435;435;436;437;442;452;456;469;480;491;504;522;537;558
China Chongqing;28846170;82300;578;2.0037322112;;6;9;27;57;75;110;132;147;182;211;247;300;337;366;389;411;426;428;468;486;505;518;529;537;544;551;553;555;560;567;572;573;575;576;576;576;576;576;576;576;576;576;576;576;576;576;576;576;576;576;576;576;576;576;576;576;576;576;576;576;577;578;578
China Fujian;36894216;121580;318;0.8619237227;;1;5;10;18;35;59;80;84;101;120;144;159;179;194;205;215;224;239;250;261;267;272;279;281;285;287;290;292;293;293;293;293;293;293;294;294;296;296;296;296;296;296;296;296;296;296;296;296;296;296;296;296;296;296;296;296;296;296;299;303;313;313;318
China Gansu;25575254;454300;136;0.5317640247;;0;2;2;4;7;14;19;24;26;29;40;51;55;57;62;62;67;79;83;83;86;87;90;90;90;90;91;91;91;91;91;91;91;91;91;91;91;91;91;91;91;91;91;102;119;120;124;124;125;127;127;127;129;133;133;133;133;134;134;134;136;136;136
China Guangdong;104303132;180000;1428;1.3690864048;;26;32;53;78;111;151;207;277;354;436;535;632;725;813;895;970;1034;1095;1131;1159;1177;1219;1241;1261;1294;1316;1322;1328;1331;1332;1333;1339;1342;1345;1347;1347;1347;1348;1349;1349;1350;1350;1350;1351;1352;1352;1352;1352;1353;1356;1356;1356;1356;1360;1361;1364;1370;1378;1395;1400;1413;1415;1428
China Guangxi;46026629;236000;254;0.5518544493;;2;5;23;23;36;46;51;58;78;87;100;111;127;139;150;168;172;183;195;210;215;222;222;226;235;237;238;242;244;245;246;249;249;251;252;252;252;252;252;252;252;252;252;252;252;252;252;252;252;252;252;252;252;252;252;253;253;253;254;254;254;254;254
China Guizhou;34746468;176000;146;0.4201865928;;1;3;3;4;5;7;9;9;12;29;29;38;46;58;64;71;81;89;99;109;127;133;135;140;143;144;146;146;146;146;146;146;146;146;146;146;146;146;146;146;146;146;146;146;146;146;146;146;146;146;146;146;146;146;146;147;146;146;146;146;146;146;146
China Hainan;9171300;34000;168;1.8318013804;;4;5;8;19;22;33;40;43;46;52;62;64;72;80;99;106;117;124;131;138;144;157;157;159;162;162;163;163;168;168;168;168;168;168;168;168;168;168;168;168;168;168;168;168;168;168;168;168;168;168;168;168;168;168;168;168;168;168;168;168;168;168;168
China Hebei;71854202;187700;319;0.4439545512;;1;1;2;8;13;18;33;48;65;82;96;104;113;126;135;157;172;195;206;218;239;251;265;283;291;300;301;306;306;307;308;309;311;311;311;312;317;318;318;318;318;318;318;318;318;318;318;318;318;318;318;318;318;318;318;318;318;318;318;318;319;319;319
China Heilongjiang;38312224;454000;484;1.2633043699;;0;2;4;9;15;21;33;38;44;59;80;95;121;155;190;227;277;295;307;331;360;378;395;419;425;445;457;464;470;476;479;479;480;480;480;480;480;480;480;480;480;480;480;481;481;481;481;481;481;482;482;482;482;482;482;482;482;483;484;484;484;484;484
China Henan;94023567;167000;1274;1.3549794383;;5;5;9;32;83;128;168;206;278;352;422;493;566;675;764;851;914;981;1033;1073;1105;1135;1169;1184;1212;1231;1246;1257;1262;1265;1267;1270;1271;1271;1271;1271;1272;1272;1272;1272;1272;1272;1272;1272;1272;1272;1272;1272;1272;1273;1273;1273;1273;1273;1273;1273;1273;1273;1273;1273;1274;1274;1274
China Hong Kong;7061200;1108;386;5.4664929474;;0;2;2;5;8;8;8;10;10;12;13;15;15;17;21;24;25;26;29;38;49;50;53;56;56;57;60;62;63;68;68;69;74;79;84;91;92;94;95;96;100;100;105;105;107;108;114;115;120;126;129;134;140;145;155;162;181;208;256;273;317;356;386
China Hubei;57237740;185900;67801;118.4550612935;;444;444;549;761;1058;1423;3554;3554;4903;5806;7153;11177;13522;16678;19665;22112;24953;27100;29631;31728;33366;33366;48206;54406;56249;58182;59989;61682;62031;62442;62662;64084;64084;64287;64786;65187;65596;65914;66337;66907;67103;67217;67332;67466;67592;67666;67707;67743;67760;67773;67781;67786;67790;67794;67798;67799;67800;67800;67800;67800;67800;67800;67801
China Hunan;65683722;210000;1018;1.5498512706;;4;9;24;43;69;100;143;221;277;332;389;463;521;593;661;711;772;803;838;879;912;946;968;988;1001;1004;1006;1007;1008;1010;1011;1013;1016;1016;1016;1016;1017;1017;1018;1018;1018;1018;1018;1018;1018;1018;1018;1018;1018;1018;1018;1018;1018;1018;1018;1018;1018;1018;1018;1018;1018;1018;1018
China Inner Mongolia;24706321;1183000;75;0.3035660388;;0;0;1;7;7;11;15;16;19;20;23;27;34;35;42;46;50;52;54;58;58;60;61;65;68;70;72;73;75;75;75;75;75;75;75;75;75;75;75;75;75;75;75;75;75;75;75;75;75;75;75;75;75;75;75;75;75;75;75;75;75;75;75
China Jiangsu;78659903;102600;636;0.8085440939;;1;5;9;18;33;47;70;99;129;168;202;236;271;308;341;373;408;439;468;492;515;543;570;593;604;617;626;629;631;631;631;631;631;631;631;631;631;631;631;631;631;631;631;631;631;631;631;631;631;631;631;631;631;631;631;631;631;631;631;631;633;633;636
China Jiangxi;44567475;167000;936;2.1001862906;;2;7;18;18;36;72;109;109;162;240;286;333;391;476;548;600;661;698;740;771;804;844;872;900;913;925;930;933;934;934;934;934;934;934;934;934;934;935;935;935;935;935;935;935;935;935;935;935;935;935;935;935;935;935;935;935;935;935;935;935;936;936;936
China Jilin;27462297;187400;93;0.3386461082;;0;1;3;4;4;6;8;9;14;14;17;23;31;42;54;59;65;69;78;80;81;83;84;86;88;89;89;89;90;91;91;91;91;93;93;93;93;93;93;93;93;93;93;93;93;93;93;93;93;93;93;93;93;93;93;93;93;93;93;93;93;93;93
China Liaoning;43746323;145900;127;0.2903101136;;2;3;4;17;21;27;34;39;41;48;64;70;74;81;89;94;99;105;107;108;111;116;117;119;119;121;121;121;121;121;121;121;121;121;121;121;121;121;121;122;122;125;125;125;125;125;125;125;125;125;125;125;125;125;125;125;125;125;126;126;127;127;127
China Macau;552300;29;25;4.5265254391;;1;2;2;2;5;6;7;7;7;7;7;8;8;10;10;10;10;10;10;10;10;10;10;10;10;10;10;10;10;10;10;10;10;10;10;10;10;10;10;10;10;10;10;10;10;10;10;10;10;10;10;10;10;10;11;12;15;17;17;18;24;24;25
China Ningxia;6301350;66400;75;1.1902211431;;1;1;2;3;4;7;11;12;17;21;26;28;31;34;34;40;43;45;45;49;53;58;64;67;70;70;70;70;71;71;71;71;71;71;71;71;72;72;73;73;74;74;75;75;75;75;75;75;75;75;75;75;75;75;75;75;75;75;75;75;75;75;75
China Qinghai;5626722;721200;18;0.3199020673;;0;0;0;1;1;6;6;6;8;8;9;11;13;15;17;18;18;18;18;18;18;18;18;18;18;18;18;18;18;18;18;18;18;18;18;18;18;18;18;18;18;18;18;18;18;18;18;18;18;18;18;18;18;18;18;18;18;18;18;18;18;18;18
China Shaanxi;37327378;205600;249;0.6670706954;;0;3;5;15;22;35;46;56;63;87;101;116;128;142;165;173;184;195;208;213;219;225;229;230;232;236;240;240;242;245;245;245;245;245;245;245;245;245;245;245;245;245;245;245;245;245;245;245;245;245;245;245;245;245;245;246;246;246;247;248;248;248;249
China Shandong;95793065;153800;768;0.8017281836;;2;6;15;27;46;75;95;130;158;184;206;230;259;275;307;347;386;416;444;466;487;497;509;523;532;537;541;543;544;546;749;750;754;755;756;756;756;756;756;758;758;758;758;758;758;758;758;758;758;760;760;760;760;760;760;761;761;761;762;764;767;768;768
China Shanghai;23019148;6341;414;1.7985027074;;9;16;20;33;40;53;66;96;112;135;169;182;203;219;243;257;277;286;293;299;303;311;315;318;326;328;333;333;333;334;334;335;335;335;336;337;337;337;337;337;337;338;338;339;342;342;342;342;344;344;344;346;353;353;355;358;361;363;371;380;404;404;414
China Shanxi;35712111;156300;134;0.3752228481;;1;1;1;6;9;13;27;27;35;39;47;66;74;81;81;96;104;115;119;119;124;126;126;127;128;129;130;131;131;132;132;132;132;133;133;133;133;133;133;133;133;133;133;133;133;133;133;133;133;133;133;133;133;133;133;133;133;133;133;133;133;134;134
China Sichuan;80418200;485000;545;0.6777072852;;5;8;15;28;44;69;90;108;142;177;207;231;254;282;301;321;344;364;386;405;417;436;451;463;470;481;495;508;514;520;525;526;526;527;529;531;534;538;538;538;538;538;538;539;539;539;539;539;539;539;539;539;539;539;539;540;540;540;541;542;543;543;545
China Tianjin;12938224;11305;145;1.1207102304;;4;4;8;10;14;23;24;27;31;32;41;48;60;67;69;79;81;88;91;95;106;112;119;120;122;124;125;128;130;131;132;135;135;135;135;135;136;136;136;136;136;136;136;136;136;136;136;136;136;136;136;136;136;136;136;136;136;137;137;137;137;141;145
China Tibet;3002166;1228400;1;0.033309284;;0;0;0;0;0;0;0;0;1;1;1;1;1;1;1;1;1;1;1;1;1;1;1;1;1;1;1;1;1;1;1;1;1;1;1;1;1;1;1;1;1;1;1;1;1;1;1;1;1;1;1;1;1;1;1;1;1;1;1;1;1;1;1
China Xinjiang;21813334;1660400;76;0.3484107473;;0;2;2;3;4;5;10;13;14;17;18;21;24;29;32;36;39;42;45;49;55;59;63;65;70;71;75;76;76;76;76;76;76;76;76;76;76;76;76;76;76;76;76;76;76;76;76;76;76;76;76;76;76;76;76;76;76;76;76;76;76;76;76
China Yunnan;45966239;394000;176;0.3828897117;;1;2;5;11;16;26;44;55;70;83;93;105;117;122;128;133;138;138;141;149;153;154;156;162;168;171;171;172;172;174;174;174;174;174;174;174;174;174;174;174;174;174;174;174;174;174;174;174;174;174;174;174;174;174;176;176;176;176;176;176;176;176;176
China Zhejiang;54426891;102000;1240;2.2782855629;;10;27;43;62;104;128;173;296;428;538;599;661;724;829;895;954;1006;1048;1075;1092;1117;1131;1145;1155;1162;1167;1171;1172;1174;1175;1203;1205;1205;1205;1205;1205;1205;1205;1205;1205;1206;1213;1213;1215;1215;1215;1215;1215;1215;1215;1215;1215;1227;1231;1231;1232;1232;1233;1234;1236;1238;1238;1240
Colombia;50882891;1109500;378;0.7428823178;;0;0;0;0;0;0;0;0;0;0;0;0;0;0;0;0;0;0;0;0;0;0;0;0;0;0;0;0;0;0;0;0;0;0;0;0;0;0;0;0;0;0;0;0;1;1;1;1;3;9;9;13;22;34;54;65;93;102;128;196;231;277;378
Congo (Brazzaville);5518087;341500;4;0.0724888897;;0;0;0;0;0;0;0;0;0;0;0;0;0;0;0;0;0;0;0;0;0;0;0;0;0;0;0;0;0;0;0;0;0;0;0;0;0;0;0;0;0;0;0;0;0;0;0;0;0;0;0;0;0;1;1;1;1;3;3;3;3;4;4
Congo (Kinshasa);81340000;341500;45;0.0553233342;;0;0;0;0;0;0;0;0;0;0;0;0;0;0;0;0;0;0;0;0;0;0;0;0;0;0;0;0;0;0;0;0;0;0;0;0;0;0;0;0;0;0;0;0;0;0;0;0;0;1;1;2;2;2;2;3;4;14;18;23;30;36;45
Costa Rica;5094118;51060;177;3.4745956022;;0;0;0;0;0;0;0;0;0;0;0;0;0;0;0;0;0;0;0;0;0;0;0;0;0;0;0;0;0;0;0;0;0;0;0;0;0;0;0;0;0;0;0;0;1;1;5;9;9;13;22;23;26;27;35;41;50;69;89;117;134;158;177
Croatia;4105267;55960;382;9.3051194965;;0;0;0;0;0;0;0;0;0;0;0;0;0;0;0;0;0;0;0;0;0;0;0;0;0;0;0;0;0;0;0;0;0;0;1;3;3;5;6;7;7;9;10;10;11;12;12;12;14;19;19;32;38;49;57;65;81;105;128;206;254;315;382
Cuba;11326616;106440;48;0.423780589;;0;0;0;0;0;0;0;0;0;0;0;0;0;0;0;0;0;0;0;0;0;0;0;0;0;0;0;0;0;0;0;0;0;0;0;0;0;0;0;0;0;0;0;0;0;0;0;0;0;0;3;4;4;4;4;5;7;11;16;21;35;40;48
Cyprus;1207359;9240;124;10.2703504094;;0;0;0;0;0;0;0;0;0;0;0;0;0;0;0;0;0;0;0;0;0;0;0;0;0;0;0;0;0;0;0;0;0;0;0;0;0;0;0;0;0;0;0;0;0;0;0;2;3;6;6;14;26;26;33;46;49;67;67;84;95;116;124
Czechia;10708981;77240;1394;13.0171115254;;0;0;0;0;0;0;0;0;0;0;0;0;0;0;0;0;0;0;0;0;0;0;0;0;0;0;0;0;0;0;0;0;0;0;0;0;0;0;0;3;3;5;8;12;18;19;31;31;41;91;94;141;189;253;298;396;464;694;833;995;1120;1236;1394
Denmark;5792202;42430;1591;27.4679646877;;0;0;0;0;0;0;0;0;0;0;0;0;0;0;0;0;0;0;0;0;0;0;0;0;0;0;0;0;0;0;0;0;0;0;0;0;1;1;3;4;4;6;10;10;23;23;35;90;262;442;615;801;827;864;914;977;1057;1151;1255;1326;1395;1450;1591
Denmark Faroe Islands;49290;1395;122;247.5147088659;;0;0;0;0;0;0;0;0;0;0;0;0;0;0;0;0;0;0;0;0;0;0;0;0;0;0;0;0;0;0;0;0;0;0;0;0;0;0;0;0;0;0;1;1;1;1;2;2;2;2;2;3;9;11;18;47;58;72;80;92;115;118;122
Djibouti;988000;23180;3;0.3036437247;;0;0;0;0;0;0;0;0;0;0;0;0;0;0;0;0;0;0;0;0;0;0;0;0;0;0;0;0;0;0;0;0;0;0;0;0;0;0;0;0;0;0;0;0;0;0;0;0;0;0;0;0;0;0;0;0;1;1;1;1;1;3;3
Dominica;71986;750;2;2.7783180063;;0;0;0;0;0;0;0;0;0;0;0;0;0;0;0;0;0;0;0;0;0;0;0;0;0;0;0;0;0;0;0;0;0;0;0;0;0;0;0;0;0;0;0;0;0;0;0;0;0;0;0;0;0;0;0;0;0;0;0;0;1;2;2
Dominican Republic;10847910;48320;312;2.8761300564;;0;0;0;0;0;0;0;0;0;0;0;0;0;0;0;0;0;0;0;0;0;0;0;0;0;0;0;0;0;0;0;0;0;0;0;0;0;0;0;1;1;1;1;1;2;2;5;5;5;5;5;5;11;11;11;21;21;34;72;112;202;245;312
East Timor;1318445;14870;1;0.0758469257;;0;0;0;0;0;0;0;0;0;0;0;0;0;0;0;0;0;0;0;0;0;0;0;0;0;0;0;0;0;0;0;0;0;0;0;0;0;0;0;0;0;0;0;0;0;0;0;0;0;0;0;0;0;0;0;0;0;0;0;0;1;1;1
Ecuador;17643054;248360;1082;6.132725094;;0;0;0;0;0;0;0;0;0;0;0;0;0;0;0;0;0;0;0;0;0;0;0;0;0;0;0;0;0;0;0;0;0;0;0;0;0;0;0;6;6;7;10;13;13;13;14;15;15;17;17;17;28;28;37;58;111;199;367;506;789;981;1082
Egypt;102334404;995450;402;0.3928297662;;0;0;0;0;0;0;0;0;0;0;0;0;0;0;0;0;0;0;0;0;0;0;0;1;1;1;1;1;1;1;1;1;1;1;1;1;1;1;1;2;2;2;2;3;15;15;49;55;59;60;67;80;109;110;150;196;196;256;285;294;327;366;402
El Salvador;6486205;20720;5;0.0770866786;;0;0;0;0;0;0;0;0;0;0;0;0;0;0;0;0;0;0;0;0;0;0;0;0;0;0;0;0;0;0;0;0;0;0;0;0;0;0;0;0;0;0;0;0;0;0;0;0;0;0;0;0;0;0;0;0;0;1;1;3;3;3;5
Equatorial Guinea;1402985;28050;9;0.6414893958;;0;0;0;0;0;0;0;0;0;0;0;0;0;0;0;0;0;0;0;0;0;0;0;0;0;0;0;0;0;0;0;0;0;0;0;0;0;0;0;0;0;0;0;0;0;0;0;0;0;0;0;0;0;1;1;1;4;6;6;6;6;9;9
Eritrea;3546421;101000;1;0.0281974419;;0;0;0;0;0;0;0;0;0;0;0;0;0;0;0;0;0;0;0;0;0;0;0;0;0;0;0;0;0;0;0;0;0;0;0;0;0;0;0;0;0;0;0;0;0;0;0;0;0;0;0;0;0;0;0;0;0;0;0;1;1;1;1
Estonia;1326535;42390;369;27.8168310674;;0;0;0;0;0;0;0;0;0;0;0;0;0;0;0;0;0;0;0;0;0;0;0;0;0;0;0;0;0;0;0;0;0;0;0;0;1;1;1;1;1;2;2;3;10;10;10;10;12;16;16;79;115;171;205;225;258;267;283;306;326;352;369
Ethiopia;114963588;1000000;12;0.0104380876;;0;0;0;0;0;0;0;0;0;0;0;0;0;0;0;0;0;0;0;0;0;0;0;0;0;0;0;0;0;0;0;0;0;0;0;0;0;0;0;0;0;0;0;0;0;0;0;0;0;0;0;1;1;1;5;5;6;6;9;9;11;11;12
Fiji;896445;18270;4;0.4462069619;;0;0;0;0;0;0;0;0;0;0;0;0;0;0;0;0;0;0;0;0;0;0;0;0;0;0;0;0;0;0;0;0;0;0;0;0;0;0;0;0;0;0;0;0;0;0;0;0;0;0;0;0;0;0;0;0;0;1;1;1;2;3;4
Finland;5540720;303890;792;14.2941711547;;0;0;0;0;0;0;0;1;1;1;1;1;1;1;1;1;1;1;1;1;1;1;1;1;1;1;1;1;1;1;1;1;1;1;1;2;2;2;3;6;6;6;6;12;15;15;23;30;40;59;59;155;225;244;277;321;336;400;450;523;626;700;792
France;65273511;547557;22304;34.1700632589;;0;0;2;3;3;3;4;5;5;5;6;6;6;6;6;6;6;11;11;11;11;11;11;11;12;12;12;12;12;12;12;12;12;12;14;18;38;57;100;130;191;204;285;377;653;949;1126;1209;1784;2281;2281;3661;4469;4499;6633;7652;9043;10871;12612;14282;16018;19856;22304
France Martinique;375265;1060;57;15.1892662518;;0;0;0;0;0;0;0;0;0;0;0;0;0;0;0;0;0;0;0;0;0;0;0;0;0;0;0;0;0;0;0;0;0;0;0;0;0;0;0;0;0;0;0;0;0;2;2;2;2;3;3;3;9;9;15;16;19;23;32;32;44;53;57
France Mayotte;272815;375;36;13.1957553654;;0;0;0;0;0;0;0;0;0;0;0;0;0;0;0;0;0;0;0;0;0;0;0;0;0;0;0;0;0;0;0;0;0;0;0;0;0;0;0;0;0;0;0;0;0;0;0;0;0;0;0;0;0;1;1;1;3;3;6;7;11;24;36
France Reunion;895312;2500;94;10.499133263;;0;0;0;0;0;0;0;0;0;0;0;0;0;0;0;0;0;0;0;0;0;0;0;0;0;0;0;0;0;0;0;0;0;0;0;0;0;0;0;0;0;0;0;0;0;0;0;0;0;1;1;5;6;7;9;9;12;14;28;45;64;71;94
France Saint Barthelemy;9877;21;3;30.3735952212;;0;0;0;0;0;0;0;0;0;0;0;0;0;0;0;0;0;0;0;0;0;0;0;0;0;0;0;0;0;0;0;0;0;0;0;0;0;0;0;0;0;0;3;3;3;3;3;1;1;1;1;1;1;1;3;3;3;3;3;3;3;3;3
France Saint Martin;38666;53;8;20.6900118968;;0;0;0;0;0;0;0;0;0;0;0;0;0;0;0;0;0;0;0;0;0;0;0;0;0;0;0;0;0;0;0;0;0;0;0;0;0;0;0;0;0;0;0;0;0;0;0;2;2;2;2;2;2;2;2;2;3;4;4;4;5;8;8
French Guiana;268700;82200;23;8.5597320432;;0;0;0;0;0;0;0;0;0;0;0;0;0;0;0;0;0;0;0;0;0;0;0;0;0;0;0;0;0;0;0;0;0;0;0;0;0;0;0;0;0;0;0;0;0;5;5;5;5;5;5;5;5;7;11;11;11;11;15;18;18;20;23
French Polynesia;280908;3660;25;8.8997109374;;0;0;0;0;0;0;0;0;0;0;0;0;0;0;0;0;0;0;0;0;0;0;0;0;0;0;0;0;0;0;0;0;0;0;0;0;0;0;0;0;0;0;0;0;0;0;0;0;0;0;0;3;3;3;3;3;3;6;11;15;18;18;25
Gabon;2225734;257670;6;0.2695739922;;0;0;0;0;0;0;0;0;0;0;0;0;0;0;0;0;0;0;0;0;0;0;0;0;0;0;0;0;0;0;0;0;0;0;0;0;0;0;0;0;0;0;0;0;0;0;0;0;0;0;0;0;1;1;1;1;1;1;3;4;5;5;6
Gambia;2416668;10120;3;0.1241378625;;0;0;0;0;0;0;0;0;0;0;0;0;0;0;0;0;0;0;0;0;0;0;0;0;0;0;0;0;0;0;0;0;0;0;0;0;0;0;0;0;0;0;0;0;0;0;0;0;0;0;0;0;0;0;0;1;1;1;1;1;1;2;3
Georgia;3989167;69490;70;1.7547523079;;0;0;0;0;0;0;0;0;0;0;0;0;0;0;0;0;0;0;0;0;0;0;0;0;0;0;0;0;0;0;0;0;0;0;0;1;1;1;1;3;3;3;3;4;4;4;13;15;15;24;24;25;30;33;33;34;38;40;43;49;54;61;70
Germany;83783942;348560;32986;39.3703127504;;0;0;0;0;0;1;4;4;4;5;8;10;12;12;12;12;13;13;14;14;16;16;16;16;16;16;16;16;16;16;16;16;16;16;17;27;46;48;79;130;159;196;262;482;670;799;1040;1176;1457;1908;2078;3675;4585;5795;7272;9257;12327;15320;19848;22213;24873;29056;32986
Ghana;31072940;227540;53;0.1705664157;;0;0;0;0;0;0;0;0;0;0;0;0;0;0;0;0;0;0;0;0;0;0;0;0;0;0;0;0;0;0;0;0;0;0;0;0;0;0;0;0;0;0;0;0;0;0;0;0;0;0;0;0;3;6;6;7;7;11;16;19;23;27;53
Gibraltar;33691;10;15;44.5222759787;;0;0;0;0;0;0;0;0;0;0;0;0;0;0;0;0;0;0;0;0;0;0;0;0;0;0;0;0;0;0;0;0;0;0;0;0;0;0;0;0;0;0;1;1;1;1;1;1;1;1;1;1;1;1;1;3;8;10;10;10;15;15;15
Greece;10423054;128900;743;7.1284289614;;0;0;0;0;0;0;0;0;0;0;0;0;0;0;0;0;0;0;0;0;0;0;0;0;0;0;0;0;0;0;0;0;0;0;0;1;3;4;4;7;7;7;9;31;45;46;73;73;89;99;99;190;228;331;331;387;418;418;495;530;624;695;743
Greenland;56770;2166086;5;8.8074687335;;0;0;0;0;0;0;0;0;0;0;0;0;0;0;0;0;0;0;0;0;0;0;0;0;0;0;0;0;0;0;0;0;0;0;0;0;0;0;0;0;0;0;0;0;0;0;0;0;0;0;0;0;0;0;1;1;1;2;2;2;4;4;5
Grenada;112523;340;1;0.8887071976;;0;0;0;0;0;0;0;0;0;0;0;0;0;0;0;0;0;0;0;0;0;0;0;0;0;0;0;0;0;0;0;0;0;0;0;0;0;0;0;0;0;0;0;0;0;0;0;0;0;0;0;0;0;0;0;0;0;0;0;0;1;1;1
Guadeloupe;390253;1690;62;15.8871296313;;0;0;0;0;0;0;0;0;0;0;0;0;0;0;0;0;0;0;0;0;0;0;0;0;0;0;0;0;0;0;0;0;0;0;0;0;0;0;0;0;0;0;0;0;0;0;0;0;0;0;0;1;1;3;6;18;27;33;45;53;58;62;62
Guatemala;17915568;107160;21;0.1172164901;;0;0;0;0;0;0;0;0;0;0;0;0;0;0;0;0;0;0;0;0;0;0;0;0;0;0;0;0;0;0;0;0;0;0;0;0;0;0;0;0;0;0;0;0;0;0;0;0;0;0;0;0;1;1;2;6;6;9;12;17;19;20;21
Guinea;13132795;245720;4;0.0304581013;;0;0;0;0;0;0;0;0;0;0;0;0;0;0;0;0;0;0;0;0;0;0;0;0;0;0;0;0;0;0;0;0;0;0;0;0;0;0;0;0;0;0;0;0;0;0;0;0;0;0;0;1;1;1;1;1;1;1;1;2;2;4;4
Guyana;786552;196850;5;0.6356858796;;0;0;0;0;0;0;0;0;0;0;0;0;0;0;0;0;0;0;0;0;0;0;0;0;0;0;0;0;0;0;0;0;0;0;0;0;0;0;0;0;0;0;0;0;0;0;0;0;0;0;1;1;1;4;4;7;7;7;7;7;19;20;5
Haiti;11402528;27560;7;0.0613898953;;0;0;0;0;0;0;0;0;0;0;0;0;0;0;0;0;0;0;0;0;0;0;0;0;0;0;0;0;0;0;0;0;0;0;0;0;0;0;0;0;0;0;0;0;0;0;0;0;0;0;0;0;0;0;0;0;0;0;2;2;2;6;7
Honduras;9904607;111890;30;0.3028893524;;0;0;0;0;0;0;0;0;0;0;0;0;0;0;0;0;0;0;0;0;0;0;0;0;0;0;0;0;0;0;0;0;0;0;0;0;0;0;0;0;0;0;0;0;0;0;0;0;0;2;2;2;2;3;6;8;9;12;24;24;26;30;30
Hungary;9660351;90530;187;1.9357474692;;0;0;0;0;0;0;0;0;0;0;0;0;0;0;0;0;0;0;0;0;0;0;0;0;0;0;0;0;0;0;0;0;0;0;0;0;0;0;0;0;0;0;2;2;2;4;7;9;9;13;13;19;30;32;39;50;58;73;85;103;131;167;187
Iceland;341243;100250;648;189.8940051518;;0;0;0;0;0;0;0;0;0;0;0;0;0;0;0;0;0;0;0;0;0;0;0;0;0;0;0;0;0;0;0;0;0;0;0;0;0;1;1;3;6;11;26;34;43;50;50;58;69;85;103;134;156;171;180;220;250;330;409;473;568;588;648
India;1380004385;2973190;536;0.0388404563;;0;0;0;0;0;0;0;0;1;1;1;2;3;3;3;3;3;3;3;3;3;3;3;3;3;3;3;3;3;3;3;3;3;3;3;3;3;3;3;3;5;5;28;30;31;34;39;43;56;62;73;82;102;113;119;142;156;194;244;330;396;499;536
Indonesia;273523615;1811570;686;0.250801014;;0;0;0;0;0;0;0;0;0;0;0;0;0;0;0;0;0;0;0;0;0;0;0;0;0;0;0;0;0;0;0;0;0;0;0;0;0;0;0;0;2;2;2;2;4;4;6;19;27;34;34;69;96;117;134;172;227;311;369;450;514;579;686
Iran;83992949;1628550;24811;29.5393843119;;0;0;0;0;0;0;0;0;0;0;0;0;0;0;0;0;0;0;0;0;0;0;0;0;0;0;0;0;2;5;18;28;43;61;95;139;245;388;593;978;1501;2336;2922;3513;4747;5823;6566;7161;8042;9000;10075;11364;12729;13938;14991;16169;17361;18407;19644;20610;21638;23049;24811
Iraq;40222493;434320;316;0.7856300702;;0;0;0;0;0;0;0;0;0;0;0;0;0;0;0;0;0;0;0;0;0;0;0;0;0;0;0;0;0;0;0;0;0;1;1;5;7;7;13;19;26;32;35;35;40;54;60;60;71;71;71;101;110;116;124;154;164;192;208;214;233;266;316
Ireland;4937786;68890;1329;26.9148966764;;0;0;0;0;0;0;0;0;0;0;0;0;0;0;0;0;0;0;0;0;0;0;0;0;0;0;0;0;0;0;0;0;0;0;0;0;0;0;1;1;1;2;6;6;18;18;19;21;34;43;43;90;129;129;169;223;292;557;683;785;906;1125;1329
Israel;8655535;21640;1930;22.2978706689;;0;0;0;0;0;0;0;0;0;0;0;0;0;0;0;0;0;0;0;0;0;0;0;0;0;0;0;0;0;0;1;1;1;1;1;2;3;4;7;10;10;12;15;20;37;43;61;61;83;109;131;161;193;251;255;337;433;677;705;883;1071;1442;1930
Italy;60461826;294140;69176;114.4126874369;;0;0;0;0;0;0;0;0;0;2;2;2;2;2;2;2;3;3;3;3;3;3;3;3;3;3;3;3;3;3;20;62;155;229;322;453;655;888;1128;1694;2036;2502;3089;3858;4636;5883;7375;9172;10149;12462;12462;17660;21157;24747;27980;31506;35713;41035;47021;53578;59138;63927;69176
Ivory Coast;26378274;318000;73;0.2767428983;;0;0;0;0;0;0;0;0;0;0;0;0;0;0;0;0;0;0;0;0;0;0;0;0;0;0;0;0;0;0;0;0;0;0;0;0;0;0;0;0;0;0;0;0;0;0;0;0;0;1;1;1;1;1;1;5;6;9;9;14;14;25;73
Jamaica;2961167;10830;21;0.7091798605;;0;0;0;0;0;0;0;0;0;0;0;0;0;0;0;0;0;0;0;0;0;0;0;0;0;0;0;0;0;0;0;0;0;0;0;0;0;0;0;0;0;0;0;0;0;0;0;0;0;1;2;8;8;10;10;12;13;15;16;16;19;19;21
Japan;126476461;364555;1193;0.9432585246;;2;2;2;2;4;4;7;7;11;15;20;20;20;22;22;22;25;25;26;26;26;28;28;29;43;59;66;74;84;94;105;122;147;159;170;189;214;228;241;256;274;293;331;360;420;461;502;511;581;639;639;701;773;839;839;878;889;924;963;1007;1101;1128;1193
Jordan;10203134;88780;154;1.5093401694;;0;0;0;0;0;0;0;0;0;0;0;0;0;0;0;0;0;0;0;0;0;0;0;0;0;0;0;0;0;0;0;0;0;0;0;0;0;0;0;0;0;1;1;1;1;1;1;1;1;1;1;1;1;8;17;34;52;69;85;85;112;127;154
Kazakhstan;18776707;2699700;72;0.3834538186;;0;0;0;0;0;0;0;0;0;0;0;0;0;0;0;0;0;0;0;0;0;0;0;0;0;0;0;0;0;0;0;0;0;0;0;0;0;0;0;0;0;0;0;0;0;0;0;0;0;0;0;4;6;9;10;33;35;44;49;53;60;62;72
Kenya;53771296;569140;25;0.0464932071;;0;0;0;0;0;0;0;0;0;0;0;0;0;0;0;0;0;0;0;0;0;0;0;0;0;0;0;0;0;0;0;0;0;0;0;0;0;0;0;0;0;0;0;0;0;0;0;0;0;0;0;1;1;3;3;3;3;7;7;7;15;16;25
Korea, South;51269185;97230;9037;17.6265723748;;1;1;2;2;3;4;4;4;4;11;12;15;15;16;19;23;24;24;25;27;28;28;28;28;28;29;30;31;31;104;204;433;602;833;977;1261;1766;2337;3150;3736;4335;5186;5621;6088;6593;7041;7314;7478;7513;7755;7869;7979;8086;8162;8236;8320;8413;8565;8652;8799;8961;8961;9037
Kuwait;4270571;17820;191;4.4724698407;;0;0;0;0;0;0;0;0;0;0;0;0;0;0;0;0;0;0;0;0;0;0;0;0;0;0;0;0;0;0;0;0;0;1;11;26;43;45;45;45;56;56;56;58;58;61;64;64;69;72;80;80;104;112;123;130;142;148;159;176;188;189;191
Kyrgyzstan;6524195;191800;42;0.6437575824;;0;0;0;0;0;0;0;0;0;0;0;0;0;0;0;0;0;0;0;0;0;0;0;0;0;0;0;0;0;0;0;0;0;0;0;0;0;0;0;0;0;0;0;0;0;0;0;0;0;0;0;0;0;0;0;0;3;3;6;14;14;16;42
Laos;7275560;230800;2;0.0274892929;;0;0;0;0;0;0;0;0;0;0;0;0;0;0;0;0;0;0;0;0;0;0;0;0;0;0;0;0;0;0;0;0;0;0;0;0;0;0;0;0;0;0;0;0;0;0;0;0;0;0;0;0;0;0;0;0;0;0;0;0;0;0;2
Latvia;1886198;62200;197;10.4442905782;;0;0;0;0;0;0;0;0;0;0;0;0;0;0;0;0;0;0;0;0;0;0;0;0;0;0;0;0;0;0;0;0;0;0;0;0;0;0;0;0;1;1;1;1;1;1;2;6;8;10;10;17;26;30;34;49;71;86;111;124;139;180;197
Lebanon;6825445;10230;318;4.6590368833;;0;0;0;0;0;0;0;0;0;0;0;0;0;0;0;0;0;0;0;0;0;0;0;0;0;0;0;0;0;0;1;1;1;1;1;2;2;2;4;10;13;13;13;16;22;22;32;32;41;61;61;77;93;110;110;120;133;157;163;187;248;267;318
Liberia;5057681;96320;3;0.059315722;;0;0;0;0;0;0;0;0;0;0;0;0;0;0;0;0;0;0;0;0;0;0;0;0;0;0;0;0;0;0;0;0;0;0;0;0;0;0;0;0;0;0;0;0;0;0;0;0;0;0;0;0;0;0;1;1;2;2;2;3;3;3;3
Libya;6871292;1759540;;0;;0;0;0;0;0;0;0;0;0;0;0;0;0;0;0;0;0;0;0;0;0;0;0;0;0;0;0;0;0;0;0;0;0;0;0;0;0;0;0;0;0;0;0;0;0;0;0;0;0;0;0;0;0;0;0;0;0;0;0;0;0;0;
Liechtenstein;38128;160;51;133.7599664289;;0;0;0;0;0;0;0;0;0;0;0;0;0;0;0;0;0;0;0;0;0;0;0;0;0;0;0;0;0;0;0;0;0;0;0;0;0;0;0;0;0;0;1;1;1;1;1;1;1;1;1;1;4;4;4;7;28;28;28;37;37;51;51
Lithuania;2722289;62674;209;7.67736269;;0;0;0;0;0;0;0;0;0;0;0;0;0;0;0;0;0;0;0;0;0;0;0;0;0;0;0;0;0;0;0;0;0;0;0;0;0;1;1;1;1;1;1;1;1;1;1;1;1;3;3;6;8;12;17;25;27;36;49;83;143;179;209
Luxembourg;625978;2590;1099;175.565275457;;0;0;0;0;0;0;0;0;0;0;0;0;0;0;0;0;0;0;0;0;0;0;0;0;0;0;0;0;0;0;0;0;0;0;0;0;0;0;1;1;1;1;1;1;2;2;3;3;5;7;19;34;51;59;77;140;203;335;484;670;798;875;1099
Madagascar;27691018;581795;17;0.061391748;;0;0;0;0;0;0;0;0;0;0;0;0;0;0;0;0;0;0;0;0;0;0;0;0;0;0;0;0;0;0;0;0;0;0;0;0;0;0;0;0;0;0;0;0;0;0;0;0;0;0;0;0;0;0;0;0;0;0;3;3;3;12;17
Malaysia;32365999;328550;1624;5.0176112284;;0;0;0;3;4;4;4;7;8;8;8;8;8;10;12;12;12;16;16;18;18;18;19;19;22;22;22;22;22;22;22;22;22;22;22;22;23;23;25;29;29;36;50;50;83;93;99;117;129;149;149;197;238;428;566;673;790;900;1030;1183;1306;1518;1624
Maldives;540544;300;13;2.4049846081;;0;0;0;0;0;0;0;0;0;0;0;0;0;0;0;0;0;0;0;0;0;0;0;0;0;0;0;0;0;0;0;0;0;0;0;0;0;0;0;0;0;0;0;0;0;0;4;4;6;8;8;9;10;13;13;13;13;13;13;13;13;13;13
Malta;441543;320;110;24.9126359154;;0;0;0;0;0;0;0;0;0;0;0;0;0;0;0;0;0;0;0;0;0;0;0;0;0;0;0;0;0;0;0;0;0;0;0;0;0;0;0;0;0;0;0;0;0;3;3;3;5;6;6;12;18;21;30;38;38;53;64;73;90;107;110
Mauritania;4649658;1030700;2;0.0430139163;;0;0;0;0;0;0;0;0;0;0;0;0;0;0;0;0;0;0;0;0;0;0;0;0;0;0;0;0;0;0;0;0;0;0;0;0;0;0;0;0;0;0;0;0;0;0;0;0;0;0;0;0;1;1;1;1;1;2;2;2;2;2;2
Mauritius;1271768;2030;42;3.3024891332;;0;0;0;0;0;0;0;0;0;0;0;0;0;0;0;0;0;0;0;0;0;0;0;0;0;0;0;0;0;0;0;0;0;0;0;0;0;0;0;0;0;0;0;0;0;0;0;0;0;0;0;0;0;0;0;0;3;3;12;14;28;36;42
Mexico;128932753;1943950;367;0.2846445077;;0;0;0;0;0;0;0;0;0;0;0;0;0;0;0;0;0;0;0;0;0;0;0;0;0;0;0;0;0;0;0;0;0;0;0;0;0;1;4;5;5;5;5;5;6;6;7;7;7;8;12;12;26;41;53;82;93;118;164;203;251;316;367
Moldova;4033963;32850;125;3.0986897996;;0;0;0;0;0;0;0;0;0;0;0;0;0;0;0;0;0;0;0;0;0;0;0;0;0;0;0;0;0;0;0;0;0;0;0;0;0;0;0;0;0;0;0;0;0;0;1;1;3;3;3;6;12;23;23;30;30;49;66;80;94;109;125
Monaco;39242;1;23;58.6106722389;;0;0;0;0;0;0;0;0;0;0;0;0;0;0;0;0;0;0;0;0;0;0;0;0;0;0;0;0;0;0;0;0;0;0;0;0;0;0;1;1;1;1;1;1;1;1;1;1;1;1;2;2;2;2;7;7;7;7;11;11;23;23;23
Mongolia;3278290;1553560;10;0.3050370773;;0;0;0;0;0;0;0;0;0;0;0;0;0;0;0;0;0;0;0;0;0;0;0;0;0;0;0;0;0;0;0;0;0;0;0;0;0;0;0;0;0;0;0;0;0;0;0;0;1;1;1;1;1;1;1;5;6;6;6;10;10;10;10
Montenegro;628066;13450;47;7.4832899727;;0;0;0;0;0;0;0;0;0;0;0;0;0;0;0;0;0;0;0;0;0;0;0;0;0;0;0;0;0;0;0;0;0;0;0;0;0;0;0;0;0;0;0;0;0;0;0;0;0;0;0;0;0;0;0;2;2;3;14;14;21;27;47
Morocco;36910560;446300;170;0.4605728008;;0;0;0;0;0;0;0;0;0;0;0;0;0;0;0;0;0;0;0;0;0;0;0;0;0;0;0;0;0;0;0;0;0;0;0;0;0;0;0;0;1;1;1;2;2;2;2;2;3;5;6;7;17;28;29;38;49;63;77;96;115;143;170
Mozambique;31255435;786380;3;0.0095983307;;0;0;0;0;0;0;0;0;0;0;0;0;0;0;0;0;0;0;0;0;0;0;0;0;0;0;0;0;0;0;0;0;0;0;0;0;0;0;0;0;0;0;0;0;0;0;0;0;0;0;0;0;0;0;0;0;0;0;0;0;1;1;3
Namibia;2540905;823290;7;0.2754923935;;0;0;0;0;0;0;0;0;0;0;0;0;0;0;0;0;0;0;0;0;0;0;0;0;0;0;0;0;0;0;0;0;0;0;0;0;0;0;0;0;0;0;0;0;0;0;0;0;0;0;0;0;2;2;2;2;2;3;3;3;3;4;7
Nepal;29136808;143350;2;0.0068641699;;0;0;0;1;1;1;1;1;1;1;1;1;1;1;1;1;1;1;1;1;1;1;1;1;1;1;1;1;1;1;1;1;1;1;1;1;1;1;1;1;1;1;1;1;1;1;1;1;1;1;1;1;1;1;1;1;1;1;1;1;1;2;2
Netherlands;17134872;33720;5560;32.4484478203;;0;0;0;0;0;0;0;0;0;0;0;0;0;0;0;0;0;0;0;0;0;0;0;0;0;0;0;0;0;0;0;0;0;0;0;0;1;1;6;10;18;24;38;82;128;188;265;321;382;503;503;804;959;1135;1413;1705;2051;2460;2994;3631;4204;4749;5560
Netherlands Aruba;106766;180;12;11.2395331847;;0;0;0;0;0;0;0;0;0;0;0;0;0;0;0;0;0;0;0;0;0;0;0;0;0;0;0;0;0;0;0;0;0;0;0;0;0;0;0;0;0;0;0;0;0;0;0;0;0;0;0;2;2;2;2;3;4;4;5;5;9;9;12
Netherlands Curacao;164093;444;6;3.6564631032;;0;0;0;0;0;0;0;0;0;0;0;0;0;0;0;0;0;0;0;0;0;0;0;0;0;0;0;0;0;0;0;0;0;0;0;0;0;0;0;0;0;0;0;0;0;0;0;0;0;0;0;0;1;1;1;3;3;3;3;3;3;4;6
New Caledonia;285498;18280;10;3.5026515072;;0;0;0;0;0;0;0;0;0;0;0;0;0;0;0;0;0;0;0;0;0;0;0;0;0;0;0;0;0;0;0;0;0;0;0;0;0;0;0;0;0;0;0;0;0;0;0;0;0;0;0;0;0;0;0;0;0;2;2;4;4;8;10
New Zealand;4822233;263310;155;3.2142785303;;0;0;0;0;0;0;0;0;0;0;0;0;0;0;0;0;0;0;0;0;0;0;0;0;0;0;0;0;0;0;0;0;0;0;0;0;0;1;1;1;1;1;3;3;4;5;5;5;5;5;5;5;6;8;8;12;20;28;39;52;102;102;155
Nicaragua;6624554;120340;2;0.0301907117;;0;0;0;0;0;0;0;0;0;0;0;0;0;0;0;0;0;0;0;0;0;0;0;0;0;0;0;0;0;0;0;0;0;0;0;0;0;0;0;0;0;0;0;0;0;0;0;0;0;0;0;0;0;0;0;0;0;1;1;2;2;2;2
Niger;24206644;1266700;3;0.0123932917;;0;0;0;0;0;0;0;0;0;0;0;0;0;0;0;0;0;0;0;0;0;0;0;0;0;0;0;0;0;0;0;0;0;0;0;0;0;0;0;0;0;0;0;0;0;0;0;0;0;0;0;0;0;0;0;0;0;0;1;1;2;3;3
Nigeria;206139589;910770;44;0.0213447597;;0;0;0;0;0;0;0;0;0;0;0;0;0;0;0;0;0;0;0;0;0;0;0;0;0;0;0;0;0;0;0;0;0;0;0;0;0;1;1;1;1;1;1;1;1;1;1;2;2;2;2;2;2;2;2;3;8;8;12;22;30;40;44
North Macedonia;2083374;25220;148;7.1038613326;;0;0;0;0;0;0;0;0;0;0;0;0;0;0;0;0;0;0;0;0;0;0;0;0;0;0;0;0;0;0;0;0;0;0;0;1;1;1;1;1;1;1;1;1;3;3;3;3;7;7;7;14;14;14;18;26;35;48;67;85;115;136;148
Northern Mariana Islands;57559;460;0.0;0;;;;;;;;;;;;;;;;;;;;;;;;;;;;;;;;;;;;;;;;;;;;;;;;;;;;;;;;0.0;0.0;0.0;0.0;0.0;0.0;0.0;0.0;0.0
Norway;5421241;365268;2863;52.8107863126;;0;0;0;0;0;0;0;0;0;0;0;0;0;0;0;0;0;0;0;0;0;0;0;0;0;0;0;0;0;0;0;0;0;0;0;1;1;6;15;19;25;32;56;87;108;147;176;205;400;598;702;996;1090;1221;1333;1463;1550;1746;1914;2118;2385;2621;2863
Oman;5106626;309500;84;1.6449217154;;0;0;0;0;0;0;0;0;0;0;0;0;0;0;0;0;0;0;0;0;0;0;0;0;0;0;0;0;0;0;0;0;0;2;2;4;4;4;6;6;6;12;15;16;16;16;16;16;18;18;18;19;19;22;22;24;39;48;48;52;55;66;84
Pakistan;220892340;770880;972;0.4400333665;;0;0;0;0;0;0;0;0;0;0;0;0;0;0;0;0;0;0;0;0;0;0;0;0;0;0;0;0;0;0;0;0;0;0;0;2;2;2;4;4;4;5;5;5;6;6;6;6;16;19;20;28;31;53;136;236;299;454;501;730;776;875;972
Panama;4314767;74340;345;7.9957967603;;0;0;0;0;0;0;0;0;0;0;0;0;0;0;0;0;0;0;0;0;0;0;0;0;0;0;0;0;0;0;0;0;0;0;0;0;0;0;0;0;0;0;0;0;0;0;0;0;1;8;11;27;36;43;55;69;86;109;137;200;313;345;345
Papua New Guinea;8947024;452860;1;0.0111769008;;0;0;0;0;0;0;0;0;0;0;0;0;0;0;0;0;0;0;0;0;0;0;0;0;0;0;0;0;0;0;0;0;0;0;0;0;0;0;0;0;0;0;0;0;0;0;0;0;0;0;0;0;0;0;0;0;0;0;1;1;1;1;1
Paraguay;7132538;397300;27;0.3785468791;;0;0;0;0;0;0;0;0;0;0;0;0;0;0;0;0;0;0;0;0;0;0;0;0;0;0;0;0;0;0;0;0;0;0;0;0;0;0;0;0;0;0;0;0;0;0;1;1;1;5;5;6;6;6;8;9;11;11;13;18;22;22;27
Peru;32971854;1280000;416;1.2616821608;;0;0;0;0;0;0;0;0;0;0;0;0;0;0;0;0;0;0;0;0;0;0;0;0;0;0;0;0;0;0;0;0;0;0;0;0;0;0;0;0;0;0;0;0;1;1;6;7;11;11;15;28;38;43;86;117;145;234;234;318;363;395;416
Philippines;109581078;298170;552;0.5037366031;;0;0;0;0;0;0;0;0;1;1;1;2;2;2;2;2;3;3;3;3;3;3;3;3;3;3;3;3;3;3;3;3;3;3;3;3;3;3;3;3;3;3;3;3;5;6;10;20;33;49;52;64;111;140;142;187;202;217;230;307;380;462;552
Poland;37846611;306230;901;2.3806623003;;0;0;0;0;0;0;0;0;0;0;0;0;0;0;0;0;0;0;0;0;0;0;0;0;0;0;0;0;0;0;0;0;0;0;0;0;0;0;0;0;0;0;1;1;5;5;11;16;22;31;49;68;103;119;177;238;251;355;425;536;634;749;901
Portugal;10196709;91590;2362;23.1643366502;;0;0;0;0;0;0;0;0;0;0;0;0;0;0;0;0;0;0;0;0;0;0;0;0;0;0;0;0;0;0;0;0;0;0;0;0;0;0;0;0;2;2;5;8;13;20;30;30;41;59;59;112;169;245;331;448;448;785;1020;1280;1600;2060;2362
Qatar;2881053;11610;526;18.2572135952;;0;0;0;0;0;0;0;0;0;0;0;0;0;0;0;0;0;0;0;0;0;0;0;0;0;0;0;0;0;0;0;0;0;0;0;0;0;0;1;3;3;7;8;8;8;8;15;18;24;262;262;320;337;401;439;439;452;460;470;481;494;501;526
Romania;19237691;230170;794;4.1273144475;;0;0;0;0;0;0;0;0;0;0;0;0;0;0;0;0;0;0;0;0;0;0;0;0;0;0;0;0;0;0;0;0;0;0;0;1;1;3;3;3;3;3;4;6;9;9;15;15;25;45;49;89;123;131;158;184;260;277;308;367;433;576;794
Russia;145934462;16376870;495;0.3391933565;;0;0;0;0;0;0;0;0;0;2;2;2;2;2;2;2;2;2;2;2;2;2;2;2;2;2;2;2;2;2;2;2;2;2;2;2;2;2;2;2;3;3;3;4;13;13;17;17;20;20;28;45;59;63;90;114;147;199;253;306;367;438;495
Rwanda;12952218;24670;40;0.3088274147;;0;0;0;0;0;0;0;0;0;0;0;0;0;0;0;0;0;0;0;0;0;0;0;0;0;0;0;0;0;0;0;0;0;0;0;0;0;0;0;0;0;0;0;0;0;0;0;0;0;0;0;0;1;1;5;7;8;8;17;17;19;36;40
Saint Lucia;183627;610;3;1.6337466712;;0;0;0;0;0;0;0;0;0;0;0;0;0;0;0;0;0;0;0;0;0;0;0;0;0;0;0;0;0;0;0;0;0;0;0;0;0;0;0;0;0;0;0;0;0;0;0;0;0;0;0;0;1;2;2;2;2;2;2;2;2;3;3
Saint Vincent and the Grenadines;110940;390;1;0.9013881377;;0;0;0;0;0;0;0;0;0;0;0;0;0;0;0;0;0;0;0;0;0;0;0;0;0;0;0;0;0;0;0;0;0;0;0;0;0;0;0;0;0;0;0;0;0;0;0;0;0;0;0;0;1;1;1;1;1;1;1;1;1;1;1
San Marino;33931;60;187;551.1184462586;;0;0;0;0;0;0;0;0;0;0;0;0;0;0;0;0;0;0;0;0;0;0;0;0;0;0;0;0;0;0;0;0;0;0;0;0;1;1;1;1;8;10;16;21;21;23;36;36;51;62;69;80;80;101;109;109;119;119;144;144;175;187;187
Saudi Arabia;34813871;2149690;767;2.2031448327;;0;0;0;0;0;0;0;0;0;0;0;0;0;0;0;0;0;0;0;0;0;0;0;0;0;0;0;0;0;0;0;0;0;0;0;0;0;0;0;0;1;1;1;5;5;5;11;15;20;21;45;86;103;103;118;171;171;274;344;392;511;562;767
Senegal;16743927;192530;86;0.5136190572;;0;0;0;0;0;0;0;0;0;0;0;0;0;0;0;0;0;0;0;0;0;0;0;0;0;0;0;0;0;0;0;0;0;0;0;0;0;0;0;0;1;2;4;4;4;4;4;4;4;4;4;10;10;24;24;26;31;31;38;47;67;79;86
Serbia;8737371;87460;303;3.4678623581;;0;0;0;0;0;0;0;0;0;0;0;0;0;0;0;0;0;0;0;0;0;0;0;0;0;0;0;0;0;0;0;0;0;0;0;0;0;0;0;0;0;0;0;0;1;1;1;1;5;12;19;35;46;48;55;65;83;103;135;171;222;249;303
Seychelles;98347;460;7;7.1176548344;;0;0;0;0;0;0;0;0;0;0;0;0;0;0;0;0;0;0;0;0;0;0;0;0;0;0;0;0;0;0;0;0;0;0;0;0;0;0;0;0;0;0;0;0;0;0;0;0;0;0;0;0;2;2;3;4;4;6;7;7;7;7;7
Singapore;5850342;700;558;9.5379039379;;0;1;3;3;4;5;7;7;10;13;16;18;18;24;28;28;30;33;40;45;47;50;58;67;72;75;77;81;84;84;85;85;89;89;91;93;93;93;102;106;108;110;110;117;130;138;150;150;160;178;178;200;212;226;243;266;313;345;385;432;455;509;558
Sint Maarten;42876;34;2;4.6646142364;;0;0;0;0;0;0;0;0;0;0;0;0;0;0;0;0;0;0;0;0;0;0;0;0;0;0;0;0;0;0;0;0;0;0;0;0;0;0;0;0;0;0;0;0;0;0;0;0;0;0;0;0;0;0;0;0;0;0;1;1;1;2;2
Slovakia;5459642;48088;204;3.7365087308;;0;0;0;0;0;0;0;0;0;0;0;0;0;0;0;0;0;0;0;0;0;0;0;0;0;0;0;0;0;0;0;0;0;0;0;0;0;0;0;0;0;0;0;0;1;1;3;3;7;10;16;32;44;54;63;72;105;123;137;178;185;186;204
Slovenia;2078938;20140;480;23.0887116403;;0;0;0;0;0;0;0;0;0;0;0;0;0;0;0;0;0;0;0;0;0;0;0;0;0;0;0;0;0;0;0;0;0;0;0;0;0;0;0;0;0;0;0;2;7;7;16;16;31;57;89;141;181;219;253;275;275;286;341;383;414;442;480
Somalia;15893222;627340;1;0.0062919904;;0;0;0;0;0;0;0;0;0;0;0;0;0;0;0;0;0;0;0;0;0;0;0;0;0;0;0;0;0;0;0;0;0;0;0;0;0;0;0;0;0;0;0;0;0;0;0;0;0;0;0;0;0;0;1;1;1;1;1;1;1;1;1
South Africa;59308690;1213090;554;0.9340958298;;0;0;0;0;0;0;0;0;0;0;0;0;0;0;0;0;0;0;0;0;0;0;0;0;0;0;0;0;0;0;0;0;0;0;0;0;0;0;0;0;0;0;0;1;1;1;3;3;7;13;17;24;38;51;62;62;116;150;202;240;274;402;554
Spain;46754778;498800;39885;85.3067893938;;0;0;0;0;0;0;0;0;0;0;1;1;1;1;1;1;1;1;2;2;2;2;2;2;2;2;2;2;2;2;2;2;2;2;6;13;15;32;45;84;120;165;222;259;400;500;673;1073;1695;2277;2277;5232;6391;7798;9942;11748;13910;17963;20410;25374;28768;35136;39885
Sri Lanka;21413249;62710;102;0.4763406058;;0;0;0;0;0;1;1;1;1;1;1;1;1;1;1;1;1;1;1;1;1;1;1;1;1;1;1;1;1;1;1;1;1;1;1;1;1;1;1;1;1;1;1;1;1;1;1;1;1;2;2;6;10;18;28;44;51;60;73;77;82;97;102
Sudan;43849260;1765048;3;0.0068416206;;0;0;0;0;0;0;0;0;0;0;0;0;0;0;0;0;0;0;0;0;0;0;0;0;0;0;0;0;0;0;0;0;0;0;0;0;0;0;0;0;0;0;0;0;0;0;0;0;0;0;0;1;1;1;1;1;2;2;2;2;2;2;3
Suriname;586632;156000;7;1.1932523285;;0;0;0;0;0;0;0;0;0;0;0;0;0;0;0;0;0;0;0;0;0;0;0;0;0;0;0;0;0;0;0;0;0;0;0;0;0;0;0;0;0;0;0;0;0;0;0;0;0;0;0;0;1;1;1;1;1;1;4;4;5;5;7
Swaziland;1160164;17200;4;0.3447788416;;0;0;0;0;0;0;0;0;0;0;0;0;0;0;0;0;0;0;0;0;0;0;0;0;0;0;0;0;0;0;0;0;0;0;0;0;0;0;0;0;0;0;0;0;0;0;0;0;0;0;0;0;1;1;1;1;1;1;1;1;4;4;4
Sweden;10099265;410340;2286;22.6353105894;;0;0;0;0;0;0;0;0;0;1;1;1;1;1;1;1;1;1;1;1;1;1;1;1;1;1;1;1;1;1;1;1;1;1;1;2;7;7;12;14;15;21;35;94;101;161;203;248;355;500;599;814;961;1022;1103;1190;1279;1439;1639;1763;1934;2046;2286
Switzerland;8654622;39516;9877;114.123990626;;0;0;0;0;0;0;0;0;0;0;0;0;0;0;0;0;0;0;0;0;0;0;0;0;0;0;0;0;0;0;0;0;0;0;1;1;8;8;18;27;42;56;90;114;214;268;337;374;491;652;652;1139;1359;2200;2200;2700;3028;4075;5294;6575;7474;8795;9877
Switzerland Appenzell Inner Rhodes;16145;173;8;49.5509445649;;0;0;0;0;0;0;0;0;0;0;0;0;0;0;0;0;0;0;0;0;0;0;0;0;0;0;0;0;0;0;0;0;0;0;0;0;0;0;0;0;0;0;0;0;0;0;0;0;0;0;0;0;2;2;4;5;5;6;6;6;6;6;8
Switzerland Appenzell Outer Rhodes;55234;243;33;59.745808741;;0;0;0;0;0;0;0;0;0;0;0;0;0;0;0;0;0;0;0;0;0;0;0;0;0;0;0;0;0;0;0;0;0;0;0;0;0;0;0;0;0;0;0;1;1;1;1;2;2;2;5;5;5;5;5;5;11;11;11;11;11;30;33
Switzerland Argovia;677387;1404;266;39.268542207;;0;0;0;0;0;0;0;0;0;0;0;0;0;0;0;0;0;0;0;0;0;0;0;0;0;0;0;0;0;0;0;0;0;0;0;0;0;1;1;1;2;6;7;9;12;12;12;14;17;18;27;32;32;32;52;67;101;118;168;168;232;241;266
Switzerland Basel City;194766;37;414;212.5627676288;;0;0;0;0;0;0;0;0;0;0;0;0;0;0;0;0;0;0;0;0;0;0;0;0;0;0;0;0;0;0;0;0;0;0;0;0;0;0;0;1;3;3;3;8;15;21;24;28;33;37;73;92;100;100;144;165;182;222;272;299;358;376;414
Switzerland Basel Country;288132;518;306;106.201324393;;0;0;0;0;0;0;0;0;0;0;0;0;0;0;0;0;0;0;0;0;0;0;0;0;0;0;0;0;0;0;0;0;0;0;0;0;0;1;2;2;2;2;2;6;6;15;19;20;22;26;26;42;47;54;76;89;116;134;184;282;289;302;306
Switzerland Berne;1034977;5959;532;51.4021084527;;0;0;0;0;0;0;0;0;0;0;0;0;0;0;0;0;0;0;0;0;0;0;0;0;0;0;0;0;0;0;0;0;0;0;0;0;0;0;0;0;0;0;0;0;0;0;0;0;0;0;0;0;0;0;123;123;193;282;377;418;418;470;532
Switzerland Friborg;318714;1671;11;3.451370194;;0;0;0;0;0;0;0;0;0;0;0;0;0;0;0;0;0;0;0;0;0;0;0;0;0;0;0;0;0;0;0;0;0;0;0;0;0;0;0;1;2;2;4;6;6;6;8;11;11;11;11;11;11;11;11;11;11;11;11;11;11;11;11
Switzerland Geneva;499480;1771;1598;319.9327300392;;0;0;0;0;0;0;0;0;0;0;0;0;0;0;0;0;0;0;0;0;0;0;0;0;0;0;0;0;0;0;0;0;0;0;0;1;1;3;5;7;7;8;8;11;15;24;32;33;59;66;80;104;196;281;373;495;629;826;994;1128;1203;1509;1598
Switzerland Glarus;40403;685;33;81.6771031854;;0;0;0;0;0;0;0;0;0;0;0;0;0;0;0;0;0;0;0;0;0;0;0;0;0;0;0;0;0;0;0;0;0;0;0;0;0;0;0;0;0;0;0;0;0;0;0;0;0;0;0;0;0;0;0;10;10;17;17;17;31;31;33
Switzerland Grisons;198379;7105;276;139.1276294366;;0;0;0;0;0;0;0;0;0;0;0;0;0;0;0;0;0;0;0;0;0;0;0;0;0;0;0;0;0;0;0;0;0;0;0;0;0;0;0;0;0;0;0;0;0;0;0;0;0;0;0;0;0;0;0;0;116;145;213;239;266;266;276
Switzerland Jura;73419;88;66;89.8949863114;;0;0;0;0;0;0;0;0;0;0;0;0;0;0;0;0;0;0;0;0;0;0;0;0;0;0;0;0;0;0;0;0;0;0;0;0;0;0;0;0;0;0;0;0;0;0;0;0;0;0;0;0;0;0;0;0;0;27;29;49;51;57;66
Switzerland Lucerne;409557;1493;205;50.0540828261;;0;0;0;0;0;0;0;0;0;0;0;0;0;0;0;0;0;0;0;0;0;0;0;0;0;0;0;0;0;0;0;0;0;0;0;0;0;0;0;0;0;0;0;0;0;0;0;0;0;0;0;0;0;0;0;0;65;65;92;109;131;156;205
Switzerland Neuchâtel;176850;220;230;130.05371784;;0;0;0;0;0;0;0;0;0;0;0;0;0;0;0;0;0;0;0;0;0;0;0;0;0;0;0;0;0;0;0;0;0;0;0;0;0;0;0;0;0;0;0;0;0;0;0;0;0;0;0;0;0;0;0;0;0;0;159;177;188;204;230
Switzerland Nidwalden;43223;276;42;97.1704879347;;0;0;0;0;0;0;0;0;0;0;0;0;0;0;0;0;0;0;0;0;0;0;0;0;0;0;0;0;0;0;0;0;0;0;0;0;0;0;0;0;0;0;0;0;0;0;0;0;0;4;4;4;4;4;4;4;4;25;28;33;36;39;42
Switzerland Obwalden;37841;491;25;66.0659073492;;0;0;0;0;0;0;0;0;0;0;0;0;0;0;0;0;0;0;0;0;0;0;0;0;0;0;0;0;0;0;0;0;0;0;0;0;0;0;0;0;0;0;0;0;0;0;0;0;0;0;0;1;1;1;1;1;1;1;1;1;1;25;25
Switzerland Schaffhausen;81991;298;32;39.0286738788;;0;0;0;0;0;0;0;0;0;0;0;0;0;0;0;0;0;0;0;0;0;0;0;0;0;0;0;0;0;0;0;0;0;0;0;0;0;0;0;0;0;0;0;0;0;0;0;0;0;0;0;0;0;0;0;0;0;0;14;14;14;30;32
Switzerland Schwyz;159165;908;13;8.1676247919;;0;0;0;0;0;0;0;0;0;0;0;0;0;0;0;0;0;0;0;0;0;0;0;0;0;0;0;0;0;0;0;0;0;0;0;0;0;0;0;0;0;1;3;3;6;6;6;6;6;6;6;9;12;13;13;13;13;13;13;13;13;13;13
Switzerland Solothurn;273194;791;104;38.0681859777;;0;0;0;0;0;0;0;0;0;0;0;0;0;0;0;0;0;0;0;0;0;0;0;0;0;0;0;0;0;0;0;0;0;0;0;0;0;0;0;0;0;0;0;0;1;1;1;1;1;1;1;1;1;1;1;1;43;43;66;66;66;95;104
Switzerland St. Gallen;507697;2026;228;44.9086758441;;0;0;0;0;0;0;0;0;0;0;0;0;0;0;0;0;0;0;0;0;0;0;0;0;0;0;0;0;0;0;0;0;0;0;0;0;0;0;0;0;0;0;1;1;2;2;2;2;2;2;15;15;15;15;15;47;61;85;98;98;98;228;228
Switzerland Thurgovia;276472;991;87;31.4679244191;;0;0;0;0;0;0;0;0;0;0;0;0;0;0;0;0;0;0;0;0;0;0;0;0;0;0;0;0;0;0;0;0;0;0;0;0;0;0;0;0;0;0;0;0;0;0;0;0;0;0;0;0;0;0;17;23;32;36;49;56;75;81;87
Switzerland Ticino;353343;2812;1211;342.7264725776;;0;0;0;0;0;0;0;0;0;0;0;0;0;0;0;0;0;0;0;0;0;0;0;0;0;0;0;0;0;0;0;0;0;0;1;1;1;1;1;1;2;4;5;5;5;5;5;5;5;5;180;258;265;291;330;422;511;638;834;918;939;1165;1211
Switzerland Uri;36433;1077;25;68.6191090495;;0;0;0;0;0;0;0;0;0;0;0;0;0;0;0;0;0;0;0;0;0;0;0;0;0;0;0;0;0;0;0;0;0;0;0;0;0;0;0;0;0;0;0;0;0;0;0;0;0;0;2;2;2;2;2;2;5;7;7;12;12;22;25
Switzerland Valais;343955;5224;544;158.160224448;;0;0;0;0;0;0;0;0;0;0;0;0;0;0;0;0;0;0;0;0;0;0;0;0;0;0;0;0;0;0;0;0;0;0;0;0;0;1;1;1;1;2;2;3;5;5;7;12;18;22;22;22;22;22;22;95;95;232;282;359;432;492;544
Switzerland Vaud;799145;3212;2234;279.5487677455;;0;0;0;0;0;0;0;0;0;0;0;0;0;0;0;0;0;0;0;0;0;0;0;0;0;0;0;0;0;0;0;0;0;0;0;0;0;0;0;0;0;0;0;0;23;30;40;51;77;108;156;204;350;406;508;608;796;1212;1432;1676;1782;2162;2234
Switzerland Zug;126837;239;72;56.7657702405;;0;0;0;0;0;0;0;0;0;0;0;0;0;0;0;0;0;0;0;0;0;0;0;0;0;0;0;0;0;0;0;0;0;0;0;0;0;0;0;0;0;1;1;3;3;3;3;3;3;3;3;13;13;13;24;24;24;24;48;48;48;62;72
Switzerland Zurich;1520968;1729;1211;79.6203470421;;0;0;0;0;0;0;0;0;0;0;0;0;0;0;0;0;0;0;0;0;0;0;0;0;0;0;0;0;0;0;0;0;0;0;0;0;1;2;2;2;2;9;9;19;26;30;37;40;49;59;92;140;140;140;270;294;424;526;773;773;773;1068;1211
Syria;17500658;183630;1;0.0057140709;;0;0;0;0;0;0;0;0;0;0;0;0;0;0;0;0;0;0;0;0;0;0;0;0;0;0;0;0;0;0;0;0;0;0;0;0;0;0;0;0;0;0;0;0;0;0;0;0;0;0;0;0;0;0;0;0;0;0;0;0;1;1;1
Taiwan;23816775;35410;215;0.9027250751;;1;1;3;3;4;5;8;8;9;10;10;10;10;11;11;16;16;17;18;18;18;18;18;18;18;20;22;22;23;24;26;26;28;30;31;32;32;34;39;40;41;42;42;44;45;45;45;45;47;48;49;50;53;59;67;77;100;108;135;153;169;195;215
Tanzania;59734218;885800;12;0.0200889882;;0;0;0;0;0;0;0;0;0;0;0;0;0;0;0;0;0;0;0;0;0;0;0;0;0;0;0;0;0;0;0;0;0;0;0;0;0;0;0;0;0;0;0;0;0;0;0;0;0;0;0;0;0;0;1;1;3;6;6;6;12;12;12
Thailand;69799978;510890;827;1.184814127;;2;3;5;7;8;8;14;14;14;19;19;19;19;25;25;25;25;32;32;32;33;33;33;33;33;34;35;35;35;35;35;35;35;35;37;40;40;41;42;42;43;43;43;47;48;50;50;50;53;59;70;75;82;114;147;177;212;272;322;411;599;721;827
Togo;8278724;54390;20;0.2415831232;;0;0;0;0;0;0;0;0;0;0;0;0;0;0;0;0;0;0;0;0;0;0;0;0;0;0;0;0;0;0;0;0;0;0;0;0;0;0;0;0;0;0;0;0;1;1;1;1;1;1;1;1;1;1;1;1;1;1;9;16;16;18;20
Trinidad and Tobago;1399488;5130;57;4.0729180958;;0;0;0;0;0;0;0;0;0;0;0;0;0;0;0;0;0;0;0;0;0;0;0;0;0;0;0;0;0;0;0;0;0;0;0;0;0;0;0;0;0;0;0;0;0;0;0;0;0;0;0;0;2;2;4;5;7;9;9;49;50;51;57
Tunisia;11818619;155360;114;0.9645797026;;0;0;0;0;0;0;0;0;0;0;0;0;0;0;0;0;0;0;0;0;0;0;0;0;0;0;0;0;0;0;0;0;0;0;0;0;0;0;0;0;0;0;1;1;1;1;2;2;5;7;7;16;18;18;20;24;29;39;54;60;75;89;114
Turkey;84339067;769630;1872;2.2196119386;;0;0;0;0;0;0;0;0;0;0;0;0;0;0;0;0;0;0;0;0;0;0;0;0;0;0;0;0;0;0;0;0;0;0;0;0;0;0;0;0;0;0;0;0;0;0;0;0;0;1;1;5;5;6;18;47;98;192;359;670;1236;1529;1872
US;331002651;9147420;53740;16.2355195155;;1;1;2;2;5;5;5;5;5;7;8;8;11;11;11;11;11;11;11;11;12;12;13;13;13;13;13;13;13;13;15;15;15;51;51;57;58;60;68;74;98;118;149;217;262;402;518;583;959;1281;1663;2179;2727;3499;4632;6421;7783;13677;19100;25489;33276;43847;53740
US Alabama;4903185;131171;215.0;4.3849049138;;;;;;;;;;;;;;;;;;;;;;;;;;;;;;;;;;;;;;;;;;;;;;;0.0;0.0;0.0;0.0;0.0;0.0;1.0;6.0;12.0;28.0;36.0;46.0;68.0;81.0;124.0;138.0;167.0;215.0
US Alaska;731545;1477953;36.0;4.9210916622;;;;;;;;;;;;;;;;;;;;;;;;;;;;;;;;;;;;;;;;;;;;;;0.0;0.0;0.0;0.0;0.0;0.0;0.0;1.0;1.0;1.0;1.0;3.0;6.0;6.0;12.0;14.0;22.0;22.0;36.0
US Arizona;7278717;294207;357.0;4.9047105417;;;;;;;;;;;;;;;;;;;;;;;;;;;;;;;;;;;;;;;;;;;;2.0;2.0;3.0;5.0;5.0;5.0;6.0;9.0;9.0;9.0;12.0;12.0;18.0;20.0;28.0;44.0;65.0;104.0;152.0;265.0;357.0
US Arkansas;3017804;134771;218.0;7.2237958463;;;;;;;;;;;;;;;;;;;;;;;;;;;;;;;;;;;;;;;;;;;;;;0.0;0.0;0.0;0.0;0.0;0.0;6.0;9.0;12.0;16.0;22.0;22.0;33.0;46.0;96.0;118.0;165.0;174.0;218.0
US California;39512223;403466;2102.0;5.3198727897;;;;;;;;;;;;;;;;;;;;;;;;;;;;;;;;;;;;;;;;;;;;53.0;53.0;60.0;69.0;88.0;114.0;133.0;157.0;202.0;202.0;252.0;293.0;335.0;483.0;611.0;924.0;1063.0;1279.0;1536.0;1733.0;2102.0
US Colorado;5758736;268431;720.0;12.5027436576;;;;;;;;;;;;;;;;;;;;;;;;;;;;;;;;;;;;;;;;;;;;;0.0;2.0;8.0;8.0;9.0;12.0;28.0;45.0;72.0;101.0;131.0;131.0;160.0;183.0;216.0;277.0;363.0;475.0;591.0;720.0
US Connecticut;3565287;12542;618.0;17.3338079094;;;;;;;;;;;;;;;;;;;;;;;;;;;;;;;;;;;;;;;;;;;;;;;0.0;1.0;1.0;2.0;3.0;6.0;6.0;11.0;20.0;26.0;41.0;68.0;96.0;194.0;194.0;223.0;415.0;618.0
US Delaware;973764;5047;91.0;9.3451801463;;;;;;;;;;;;;;;;;;;;;;;;;;;;;;;;;;;;;;;;;;;;;;0.0;0.0;0.0;0.0;0.0;1.0;4.0;4.0;6.0;6.0;8.0;16.0;25.0;30.0;38.0;45.0;56.0;68.0;91.0
US District of Columbia;705749;158;137.0;19.4120005838;;;;;;;;;;;;;;;;;;;;;;;;;;;;;;;;;;;;;;;;;;;;;0.0;0.0;0.0;1.0;1.0;5.0;4.0;10.0;10.0;10.0;16.0;17.0;22.0;31.0;39.0;71.0;77.0;98.0;116.0;137.0
US Florida;21477737;138887;1412.0;6.5742494193;;;;;;;;;;;;;;;;;;;;;;;;;;;;;;;;;;;;;;;;;;;;2.0;9.0;9.0;14.0;17.0;18.0;19.0;28.0;32.0;50.0;77.0;116.0;141.0;186.0;314.0;390.0;520.0;658.0;830.0;1171.0;1412.0
US Georgia;10617423;148959;1026.0;9.6633618158;;;;;;;;;;;;;;;;;;;;;;;;;;;;;;;;;;;;;;;;;;;;2.0;2.0;2.0;6.0;7.0;12.0;17.0;22.0;31.0;42.0;66.0;99.0;121.0;146.0;197.0;287.0;420.0;507.0;600.0;772.0;1026.0
US Guam;162742;543;32.0;19.6630249106;;;;;;;;;;;;;;;;;;;;;;;;;;;;;;;;;;;;;;;;;;;;;;;;;;;;;;;;3.0;5.0;8.0;12.0;14.0;15.0;27.0;29.0;32.0
US Hawaii;1415872;16635;77.0;5.4383447091;;;;;;;;;;;;;;;;;;;;;;;;;;;;;;;;;;;;;;;;;;;;;;;1.0;1.0;2.0;2.0;2.0;2.0;2.0;2.0;2.0;7.0;10.0;14.0;16.0;26.0;37.0;48.0;56.0;77.0
US Idaho;1787065;214045;50.0;2.7978836808;;;;;;;;;;;;;;;;;;;;;;;;;;;;;;;;;;;;;;;;;;;;;;;0.0;0.0;0.0;0.0;0.0;0.0;0.0;2.0;5.0;5.0;7.0;9.0;11.0;23.0;31.0;42.0;47.0;50.0
US Illinois;12671821;143793;1551.0;12.2397562276;;;;;;;;;;;;;;;;;;;;;;;;;;;;;;;;;;;;;;;;;;;;4.0;5.0;5.0;6.0;6.0;7.0;19.0;19.0;25.0;32.0;46.0;64.0;93.0;160.0;289.0;426.0;590.0;759.0;1058.0;1285.0;1551.0
US Indiana;6732219;92789;365.0;5.421689342;;;;;;;;;;;;;;;;;;;;;;;;;;;;;;;;;;;;;;;;;;;;;;1.0;1.0;2.0;2.0;6.0;10.0;12.0;12.0;15.0;19.0;24.0;30.0;39.0;56.0;79.0;126.0;201.0;259.0;365.0
US Iowa;3155070;144669;124.0;3.9301822147;;;;;;;;;;;;;;;;;;;;;;;;;;;;;;;;;;;;;;;;;;;;;;0.0;0.0;0.0;3.0;8.0;13.0;14.0;16.0;17.0;18.0;22.0;23.0;29.0;38.0;45.0;68.0;90.0;105.0;124.0
US Kansas;2913314;211754;98.0;3.3638667167;;;;;;;;;;;;;;;;;;;;;;;;;;;;;;;;;;;;;;;;;;;;;;0.0;0.0;1.0;1.0;1.0;1.0;4.0;6.0;6.0;8.0;11.0;15.0;16.0;34.0;44.0;55.0;64.0;82.0;98.0
US Kentucky;4467673;102269;124.0;2.7754940883;;;;;;;;;;;;;;;;;;;;;;;;;;;;;;;;;;;;;;;;;;;;;;0.0;1.0;1.0;4.0;6.0;8.0;8.0;11.0;14.0;16.0;21.0;22.0;26.0;35.0;47.0;54.0;99.0;104.0;124.0
US Louisiana;4648794;111898;1388.0;29.8572059764;;;;;;;;;;;;;;;;;;;;;;;;;;;;;;;;;;;;;;;;;;;;;;;0.0;0.0;1.0;1.0;6.0;14.0;36.0;69.0;91.0;114.0;171.0;240.0;347.0;479.0;585.0;837.0;1172.0;1388.0
US Maine;1344212;79883;125.0;9.2991284113;;;;;;;;;;;;;;;;;;;;;;;;;;;;;;;;;;;;;;;;;;;;;;;0.0;0.0;0.0;0.0;0.0;1.0;3.0;3.0;3.0;17.0;32.0;43.0;53.0;57.0;73.0;89.0;107.0;125.0
US Maryland;6045680;25142;349.0;5.7727170475;;;;;;;;;;;;;;;;;;;;;;;;;;;;;;;;;;;;;;;;;;;;;0.0;3.0;3.0;3.0;5.0;6.0;9.0;12.0;17.0;26.0;31.0;37.0;57.0;85.0;107.0;149.0;190.0;244.0;288.0;349.0
US Massachusetts;6892503;20202;1159.0;16.8153717162;;;;;;;;;;;;;;;;;;;;;;;;;;;;;;;;;;;;;;;;;;;;2.0;2.0;8.0;13.0;13.0;41.0;92.0;92.0;95.0;123.0;138.0;138.0;164.0;218.0;256.0;328.0;413.0;525.0;646.0;777.0;1159.0
US Michigan;9986857;146435;1791.0;17.9335700912;;;;;;;;;;;;;;;;;;;;;;;;;;;;;;;;;;;;;;;;;;;;;0.0;0.0;0.0;0.0;0.0;0.0;2.0;2.0;16.0;25.0;33.0;53.0;65.0;80.0;336.0;549.0;787.0;1035.0;1328.0;1791.0
US Minnesota;5639632;206232;262.0;4.6456931942;;;;;;;;;;;;;;;;;;;;;;;;;;;;;;;;;;;;;;;;;;;;;;0.0;1.0;1.0;2.0;3.0;5.0;9.0;14.0;21.0;35.0;54.0;60.0;77.0;89.0;115.0;138.0;169.0;235.0;262.0
US Mississippi;2976149;121531;320.0;10.752149842;;;;;;;;;;;;;;;;;;;;;;;;;;;;;;;;;;;;;;;;;;;;;;;0.0;0.0;0.0;0.0;0.0;1.0;4.0;6.0;10.0;12.0;21.0;34.0;50.0;80.0;140.0;207.0;249.0;320.0
US Missouri;6137428;178040;183.0;2.98170504;;;;;;;;;;;;;;;;;;;;;;;;;;;;;;;;;;;;;;;;;;;;;;;0.0;1.0;1.0;1.0;1.0;1.0;2.0;4.0;5.0;6.0;8.0;13.0;24.0;47.0;73.0;90.0;183.0;183.0
US Montana;1068778;376962;46.0;4.303980808;;;;;;;;;;;;;;;;;;;;;;;;;;;;;;;;;;;;;;;;;;;;;;;0.0;0.0;0.0;0.0;0.0;1.0;1.0;5.0;7.0;7.0;8.0;10.0;12.0;16.0;20.0;31.0;34.0;46.0
US Nebraska;1934408;198974;52.0;2.6881609257;;;;;;;;;;;;;;;;;;;;;;;;;;;;;;;;;;;;;;;;;;;;;0.0;0.0;1.0;1.0;3.0;3.0;5.0;10.0;13.0;14.0;17.0;18.0;21.0;24.0;27.0;32.0;38.0;48.0;50.0;52.0
US Nevada;3080156;284332;278.0;9.0255168894;;;;;;;;;;;;;;;;;;;;;;;;;;;;;;;;;;;;;;;;;;;;;1.0;1.0;1.0;1.0;1.0;0.0;5.0;7.0;11.0;20.0;21.0;45.0;55.0;55.0;95.0;109.0;124.0;190.0;245.0;278.0
US New Hampshire;1359711;23187;101.0;7.4280490487;;;;;;;;;;;;;;;;;;;;;;;;;;;;;;;;;;;;;;;;;;;;2.0;2.0;2.0;2.0;4.0;4.0;4.0;4.0;6.0;6.0;7.0;13.0;13.0;17.0;26.0;39.0;44.0;55.0;65.0;78.0;101.0
US New Jersey;8882190;19047;3675.0;41.3749311825;;;;;;;;;;;;;;;;;;;;;;;;;;;;;;;;;;;;;;;;;;;;;1.0;1.0;4.0;6.0;11.0;15.0;24.0;30.0;50.0;50.0;98.0;178.0;267.0;427.0;742.0;890.0;1327.0;1914.0;2844.0;3675.0
US New Mexico;2096829;314161;83.0;3.9583580731;;;;;;;;;;;;;;;;;;;;;;;;;;;;;;;;;;;;;;;;;;;;;;0.0;0.0;0.0;0.0;0.0;3.0;5.0;10.0;10.0;13.0;17.0;23.0;28.0;35.0;43.0;57.0;57.0;65.0;83.0
US New York;19453561;122057;25665.0;131.9295732026;;;;;;;;;;;;;;;;;;;;;;;;;;;;;;;;;;;;;;;;;;;;6.0;22.0;33.0;76.0;105.0;142.0;173.0;216.0;216.0;421.0;524.0;729.0;950.0;1700.0;2382.0;4152.0;7102.0;10356.0;15168.0;20875.0;25665.0
US North Carolina;10488084;125920;398.0;3.7947827268;;;;;;;;;;;;;;;;;;;;;;;;;;;;;;;;;;;;;;;;;;;;1.0;1.0;2.0;2.0;2.0;2.0;7.0;7.0;12.0;15.0;23.0;32.0;33.0;40.0;63.0;97.0;137.0;184.0;255.0;297.0;398.0
US North Dakota;762062;178711;34.0;4.4615792416;;;;;;;;;;;;;;;;;;;;;;;;;;;;;;;;;;;;;;;;;;;;;;;0.0;0.0;0.0;0.0;0.0;1.0;1.0;1.0;1.0;1.0;3.0;6.0;15.0;20.0;28.0;28.0;30.0;34.0
US Ohio;11689100;105829;564.0;4.8250079134;;;;;;;;;;;;;;;;;;;;;;;;;;;;;;;;;;;;;;;;;;;;;0.0;0.0;0.0;0.0;3.0;3.0;4.0;5.0;13.0;13.0;36.0;50.0;67.0;88.0;119.0;169.0;247.0;351.0;442.0;564.0
US Oklahoma;3956971;177660;106.0;2.678816701;;;;;;;;;;;;;;;;;;;;;;;;;;;;;;;;;;;;;;;;;;;;;;;1.0;1.0;1.0;2.0;2.0;3.0;3.0;4.0;9.0;10.0;17.0;29.0;44.0;49.0;53.0;67.0;81.0;106.0
US Oregon;4217737;248608;209.0;4.9552639247;;;;;;;;;;;;;;;;;;;;;;;;;;;;;;;;;;;;;;;;;;;;3.0;3.0;3.0;7.0;14.0;14.0;15.0;19.0;19.0;30.0;30.0;36.0;39.0;47.0;75.0;88.0;114.0;114.0;161.0;191.0;209.0
US Pennsylvania;12801989;115883;851.0;6.6474045557;;;;;;;;;;;;;;;;;;;;;;;;;;;;;;;;;;;;;;;;;;;;;;2.0;2.0;4.0;7.0;12.0;15.0;22.0;33.0;47.0;63.0;76.0;96.0;133.0;185.0;268.0;371.0;479.0;644.0;851.0
US Puerto Rico;3193694;8868;39.0;1.2211564414;;;;;;;;;;;;;;;;;;;;;;;;;;;;;;;;;;;;;;;;;;;;;;;;;;;;;;;;5.0;5.0;5.0;5.0;14.0;21.0;23.0;31.0;39.0
US Rhode Island;1059361;2678;106.0;10.0060319381;;;;;;;;;;;;;;;;;;;;;;;;;;;;;;;;;;;;;;;;;;;;;;;2.0;3.0;3.0;3.0;5.0;5.0;14.0;20.0;20.0;21.0;21.0;33.0;33.0;54.0;66.0;83.0;106.0;106.0
US South Carolina;5148714;77857;298.0;5.7878530445;;;;;;;;;;;;;;;;;;;;;;;;;;;;;;;;;;;;;;;;;;;;0.0;0.0;0.0;2.0;2.0;7.0;7.0;9.0;10.0;12.0;13.0;19.0;28.0;33.0;60.0;60.0;81.0;152.0;195.0;299.0;298.0
US South Dakota;884659;196350;30.0;3.39113715;;;;;;;;;;;;;;;;;;;;;;;;;;;;;;;;;;;;;;;;;;;;;;;0.0;0.0;0.0;0.0;5.0;8.0;9.0;9.0;9.0;10.0;11.0;11.0;11.0;14.0;14.0;21.0;28.0;30.0
US Tennessee;6829174;106798;667.0;9.7669205676;;;;;;;;;;;;;;;;;;;;;;;;;;;;;;;;;;;;;;;;;;;;;1.0;1.0;1.0;3.0;3.0;7.0;7.0;18.0;26.0;32.0;39.0;52.0;73.0;98.0;154.0;228.0;371.0;505.0;615.0;667.0
US Texas;28995881;676587;410.0;1.4139939393;;;;;;;;;;;;;;;;;;;;;;;;;;;;;;;;;;;;;;;;;;;;1.0;1.0;5.0;8.0;8.0;12.0;13.0;21.0;23.0;39.0;51.0;56.0;57.0;64.0;83.0;143.0;194.0;304.0;334.0;352.0;410.0
US Utah;3205958;212818;299.0;9.3263854361;;;;;;;;;;;;;;;;;;;;;;;;;;;;;;;;;;;;;;;;;;;;;;;1.0;1.0;1.0;2.0;2.0;4.0;6.0;6.0;28.0;39.0;51.0;63.0;78.0;112.0;136.0;181.0;257.0;299.0
US Vermont;623989;23871;95.0;15.2246273572;;;;;;;;;;;;;;;;;;;;;;;;;;;;;;;;;;;;;;;;;;;;;;0.0;0.0;1.0;1.0;1.0;1.0;2.0;2.0;4.0;4.0;8.0;10.0;19.0;22.0;29.0;29.0;52.0;75.0;95.0
US Virgin Islands;104425;350;17.0;16.2796265262;;;;;;;;;;;;;;;;;;;;;;;;;;;;;;;;;;;;;;;;;;;;;;;;;;;;;;;;1.0;2.0;2.0;3.0;3.0;6.0;6.0;17.0;17.0
US Virginia;8535519;102279;290.0;3.3975672715;;;;;;;;;;;;;;;;;;;;;;;;;;;;;;;;;;;;;;;;;;;;;0.0;0.0;0.0;2.0;3.0;8.0;9.0;17.0;30.0;30.0;45.0;51.0;67.0;77.0;94.0;114.0;152.0;219.0;254.0;290.0
US Washington;7614893;172119;2221.0;29.1665293262;;;;;;;;;;;;;;;;;;;;;;;;;;;;;;;;;;;;;;;;;;;;39.0;70.0;79.0;102.0;102.0;136.0;162.0;267.0;337.0;457.0;568.0;642.0;769.0;904.0;1012.0;1187.0;1376.0;1524.0;1793.0;1996.0;2221.0
US West Virginia;1792147;62259;20.0;1.1159798833;;;;;;;;;;;;;;;;;;;;;;;;;;;;;;;;;;;;;;;;;;;;;;0.0;0.0;0.0;0.0;0.0;0.0;0.0;0.0;0.0;0.0;0.0;0.0;1.0;2.0;7.0;11.0;12.0;16.0;20.0
US Wisconsin;5822434;140268;457.0;7.8489511431;;;;;;;;;;;;;;;;;;;;;;;;;;;;;;;;;;;;;;;;;;;;1.0;1.0;1.0;1.0;1.0;1.0;2.0;3.0;8.0;19.0;19.0;33.0;47.0;72.0;106.0;155.0;206.0;281.0;385.0;416.0;457.0
US Wyoming;578759;251470;29.0;5.0107212156;;;;;;;;;;;;;;;;;;;;;;;;;;;;;;;;;;;;;;;;;;;;;;;0.0;0.0;0.0;0.0;0.0;1.0;1.0;2.0;3.0;3.0;10.0;15.0;18.0;19.0;23.0;24.0;26.0;29.0
Uganda;45741007;199810;9;0.0196759988;;0;0;0;0;0;0;0;0;0;0;0;0;0;0;0;0;0;0;0;0;0;0;0;0;0;0;0;0;0;0;0;0;0;0;0;0;0;0;0;0;0;0;0;0;0;0;0;0;0;0;0;0;0;0;0;0;0;0;0;1;1;9;9
Ukraine;43733762;579320;97;0.2217966065;;0;0;0;0;0;0;0;0;0;0;0;0;0;0;0;0;0;0;0;0;0;0;0;0;0;0;0;0;0;0;0;0;0;0;0;0;0;0;0;0;0;1;1;1;1;1;1;1;1;1;1;3;3;3;7;14;14;16;29;47;73;73;97
United Arab Emirates;9890402;83600;248;2.5074814957;;0;0;0;0;0;0;0;4;4;4;4;5;5;5;5;5;5;7;7;8;8;8;8;8;8;9;9;9;9;9;9;13;13;13;13;13;13;19;21;21;21;27;27;29;29;45;45;45;74;74;85;85;85;98;98;98;113;140;140;153;153;198;248
United Kingdom;67886011;241930;8077;11.8978857073;;0;0;0;0;0;0;0;0;0;2;2;2;2;2;2;2;3;3;3;8;8;9;9;9;9;9;9;9;9;9;9;9;9;13;13;13;15;20;23;36;40;51;85;115;163;206;273;321;382;456;456;798;1140;1140;1543;1950;2626;2689;3983;5018;5683;6650;8077
United Kingdom Cayman Islands;65722;240;6;9.1293630748;;0;0;0;0;0;0;0;0;0;0;0;0;0;0;0;0;0;0;0;0;0;0;0;0;0;0;0;0;0;0;0;0;0;0;0;0;0;0;0;0;0;0;0;0;0;0;0;0;0;0;0;1;1;1;1;1;1;3;3;3;3;5;6
United Kingdom Isle of Man;84497;570;23;27.2199012983;;0;0;0;0;0;0;0;0;0;0;0;0;0;0;0;0;0;0;0;0;0;0;0;0;0;0;0;0;0;0;0;0;0;0;0;0;0;0;0;0;0;0;0;0;0;0;0;0;0;0;0;0;0;0;0;0;0;0;1;1;5;13;23
United Kingdom Montserrat;4992;100;1;20.0320512821;;0;0;0;0;0;0;0;0;0;0;0;0;0;0;0;0;0;0;0;0;0;0;0;0;0;0;0;0;0;0;0;0;0;0;0;0;0;0;0;0;0;0;0;0;0;0;0;0;0;0;0;0;0;0;0;0;1;1;1;1;1;1;1
Uruguay;3473730;175020;162;4.6635748892;;0;0;0;0;0;0;0;0;0;0;0;0;0;0;0;0;0;0;0;0;0;0;0;0;0;0;0;0;0;0;0;0;0;0;0;0;0;0;0;0;0;0;0;0;0;0;0;0;0;0;0;0;4;4;8;29;50;79;94;110;158;162;162
Uzbekistan;33469203;425400;50;0.1493910686;;0;0;0;0;0;0;0;0;0;0;0;0;0;0;0;0;0;0;0;0;0;0;0;0;0;0;0;0;0;0;0;0;0;0;0;0;0;0;0;0;0;0;0;0;0;0;0;0;0;0;0;0;0;1;6;10;15;23;33;43;43;46;50
Vatican;801;0.44;4;499.3757802747;;0;0;0;0;0;0;0;0;0;0;0;0;0;0;0;0;0;0;0;0;0;0;0;0;0;0;0;0;0;0;0;0;0;0;0;0;0;0;0;0;0;0;0;0;1;1;1;1;1;1;1;1;1;1;1;1;1;1;1;1;1;1;4
Venezuela;28435940;882050;84;0.2954008202;;0;0;0;0;0;0;0;0;0;0;0;0;0;0;0;0;0;0;0;0;0;0;0;0;0;0;0;0;0;0;0;0;0;0;0;0;0;0;0;0;0;0;0;0;0;0;0;0;0;0;0;0;2;10;17;33;36;42;42;70;70;77;84
Vietnam;97338579;310070;134;0.1376638136;;0;2;2;2;2;2;2;2;2;2;6;6;8;8;8;10;10;13;13;14;15;15;16;16;16;16;16;16;16;16;16;16;16;16;16;16;16;16;16;16;16;16;16;16;16;18;30;30;31;38;39;47;53;56;61;66;75;85;91;94;113;123;134
Zambia;18383955;743390;3;0.0163185778;;0;0;0;0;0;0;0;0;0;0;0;0;0;0;0;0;0;0;0;0;0;0;0;0;0;0;0;0;0;0;0;0;0;0;0;0;0;0;0;0;0;0;0;0;0;0;0;0;0;0;0;0;0;0;0;0;2;2;2;2;3;3;3
Zimbabwe;14862924;386850;3;0.0201844536;;0;0;0;0;0;0;0;0;0;0;0;0;0;0;0;0;0;0;0;0;0;0;0;0;0;0;0;0;0;0;0;0;0;0;0;0;0;0;0;0;0;0;0;0;0;0;0;0;0;0;0;0;0;0;0;0;0;0;1;3;3;3;3
