Country/Region;Population;Area;Maximum;Per 100,000 inh.;Blank 3;Blank 4;Comments;2020-01-22;2020-01-23;2020-01-24;2020-01-25;2020-01-26;2020-01-27;2020-01-28;2020-01-29;2020-01-30;2020-01-31;2020-02-01;2020-02-02;2020-02-03;2020-02-04;2020-02-05;2020-02-06;2020-02-07;2020-02-08;2020-02-09;2020-02-10;2020-02-11;2020-02-12;2020-02-13;2020-02-14;2020-02-15;2020-02-16;2020-02-17;2020-02-18;2020-02-19;2020-02-20;2020-02-21;2020-02-22;2020-02-23;2020-02-24;2020-02-25;2020-02-26;2020-02-27;2020-02-28;2020-02-29;2020-03-01;2020-03-02;2020-03-03;2020-03-04;2020-03-05;2020-03-06;2020-03-07;2020-03-08;2020-03-09;2020-03-10;2020-03-11;2020-03-12;2020-03-13;2020-03-14;2020-03-15;2020-03-16;2020-03-17;2020-03-18;2020-03-19;2020-03-20;2020-03-21;2020-03-22;2020-03-23;2020-03-24;2020-03-25;2020-03-26;2020-03-27;2020-03-28;2020-03-29;2020-03-30;2020-03-31;2020-04-01;2020-04-02;2020-04-03;2020-04-04;2020-04-05;2020-04-06;2020-04-07;2020-04-08;2020-04-09;2020-04-10;2020-04-11;2020-04-12;2020-04-13;2020-04-14;2020-04-15;2020-04-16;2020-04-17;2020-04-18;2020-04-19;2020-04-20;2020-04-21;2020-04-22;2020-04-23;2020-04-24;2020-04-25;2020-04-26;2020-04-27;2020-04-28;2020-04-29;2020-04-30;2020-05-01;2020-05-02;2020-05-03;2020-05-04;2020-05-05;2020-05-06;2020-05-07;2020-05-08;2020-05-09;2020-05-10;2020-05-11;2020-05-12;2020-05-13;2020-05-14;2020-05-15;2020-05-16;2020-05-17;2020-05-18;2020-05-19;2020-05-20;2020-05-21;2020-05-22;2020-05-23;2020-05-24;2020-05-25;2020-05-26;2020-05-27;2020-05-28;2020-05-29;2020-05-30;2020-05-31;2020-06-01;2020-06-02;2020-06-03;2020-06-04;2020-06-05;2020-06-06;2020-06-07;2020-06-08;2020-06-09;2020-06-10;2020-06-11;2020-06-12;2020-06-13;2020-06-14;2020-06-15;2020-06-16;2020-06-17;2020-06-18;2020-06-19;2020-06-20;2020-06-21;2020-06-22;2020-06-23;2020-06-24;2020-06-25;2020-06-26;2020-06-27;2020-06-28;2020-06-29;2020-06-30;2020-07-01;2020-07-02;2020-07-03;2020-07-04;2020-07-05;2020-07-06;2020-07-07;2020-07-08;2020-07-09;2020-07-10;2020-07-11;2020-07-12;2020-07-13;2020-07-14;2020-07-15;2020-07-16;2020-07-17;2020-07-18;2020-07-19;2020-07-20;2020-07-21;2020-07-22;2020-07-23;2020-07-24;2020-07-25;2020-07-26;2020-07-27;2020-07-28;2020-07-29;2020-07-30;2020-07-31;2020-08-01;2020-08-02;2020-08-03;2020-08-04;2020-08-05;2020-08-06;2020-08-07;2020-08-08;2020-08-09;2020-08-10;2020-08-11;2020-08-12;2020-08-13;2020-08-14;2020-08-15;2020-08-16;2020-08-17;2020-08-18;2020-08-19;2020-08-20;2020-08-21;2020-08-22;2020-08-23;2020-08-24;2020-08-25;2020-08-26;2020-08-27;2020-08-28;2020-08-29;2020-08-30;2020-08-31;2020-09-01;2020-09-02;2020-09-03;2020-09-04;2020-09-05;2020-09-06;2020-09-07;2020-09-08;2020-09-09;2020-09-10;2020-09-11;2020-09-12;2020-09-13;2020-09-14;2020-09-15;2020-09-16;2020-09-17;2020-09-18;2020-09-19;2020-09-20;2020-09-21;2020-09-22;2020-09-23;2020-09-24;2020-09-25;2020-09-26;2020-09-27;2020-09-28;2020-09-29;2020-09-30;2020-10-01;2020-10-02;2020-10-03;2020-10-04;2020-10-05;2020-10-06;2020-10-07;2020-10-08;2020-10-09;2020-10-10;2020-10-11;2020-10-12;2020-10-13;2020-10-14;2020-10-15;2020-10-16;2020-10-17;2020-10-18;2020-10-19;2020-10-20;2020-10-21;2020-10-22;2020-10-23;2020-10-24;2020-10-25;2020-10-26;2020-10-27;2020-10-28;2020-10-29;2020-10-30;2020-10-31;2020-11-01;2020-11-02;2020-11-03;2020-11-04;2020-11-05;2020-11-06;2020-11-07;2020-11-08;2020-11-09;2020-11-10;2020-11-11;2020-11-12;2020-11-13;2020-11-14;2020-11-15;2020-11-16;2020-11-17;2020-11-18;2020-11-19;2020-11-20;2020-11-21;2020-11-22;2020-11-23;2020-11-24;2020-11-25;2020-11-26;2020-11-27;2020-11-28;2020-11-29;2020-11-30;2020-12-01;2020-12-02;2020-12-03;2020-12-04;2020-12-05;2020-12-06;2020-12-07;2020-12-08;2020-12-09;2020-12-10;2020-12-11;2020-12-12;2020-12-13;2020-12-14;2020-12-15;2020-12-16;2020-12-17;2020-12-18;2020-12-19;2020-12-20;2020-12-21;2020-12-22;2020-12-23;2020-12-24;2020-12-25;2020-12-26;2020-12-27;2020-12-28;2020-12-29;2020-12-30;2020-12-31;2021-01-01
Switzerland;8654622;39516;452296;5226.0630215855;;;;0;0;0;0;0;0;0;0;0;0;0;0;0;0;0;0;0;0;0;0;0;0;0;0;0;0;0;0;0;0;0;0;0;0;1;1;8;8;18;27;42;56;90;114;214;268;337;374;491;652;896;1139;1359;2200;2450;2700;3028;4075;5294;6575;7474;8795;9877;10897;11811;12928;14076;14829;15922;16605;17768;18827;19606;20505;21100;21657;22253;23280;24051;24551;25107;25415;25688;25936;26336;26732;27078;27404;27740;27944;28063;28268;28496;28677;28894;29061;29164;29264;29407;29586;29705;29817;29905;29981;30009;30060;30126;30207;30251;30305;30344;30380;30413;30463;30514;30572;30587;30597;30618;30658;30694;30707;30725;30736;30746;30761;30776;30796;30828;30845;30862;30871;30874;30893;30913;30936;30956;30965;30972;30988;31011;31044;31063;31094;31117;31131;31154;31187;31200;31235;31243;31292;31310;31332;31376;31428;31486;31555;31617;31652;31714;31851;31967;32101;32198;32268;32315;32369;32498;32586;32690;32817;32883;32946;33016;33148;33290;33382;33492;33591;33634;33742;33883;34000;34154;34302;34412;34477;34609;34802;35022;35232;35412;35550;35616;35746;35927;36108;36269;36451;36603;36708;36895;37169;37403;37671;37924;38124;38252;38449;38760;39026;39332;39627;39903;40060;40262;40645;41006;41346;41722;42014;42177;42393;42763;43127;43532;43957;44401;44592;44837;45306;45711;46239;46704;47179;47436;47751;48265;48795;49283;49648;50013;50378;50664;51101;51492;51864;52125;52385;52646;52871;53282;53832;54384;54900;55416;55932;56632;57709;58881;60368;61724;63080;64436;65881;68704;71317;74422;77334;80247;83159;86167;91763;97019;103653;109466;115280;121093;127042;135658;145044;154251;161560;168868;176177;182303;192376;202504;211913;217683;223452;229222;235202;243472;250396;257135;261415;265694;269974;274534;280648;285655;290601;293851;297102;300352;304593;309469;313978;318290;321217;324145;327072;330874;335660;340115;344497;347767;351036;354306;358568;363654;368695;373831;377406;380982;384557;388828;394453;399511;403989;407323;410657;413991;418266;423299;428197;430719;433241;435762;438284;442481;447905;452296;452296
Switzerland Appenzell Inner Rhodes;16145;173;703;4354.2892536389;;;;0;0;0;0;0;0;0;0;0;0;0;0;0;0;0;0;0;0;0;0;0;0;0;0;0;0;0;0;0;0;0;0;0;0;0;0;0;0;0;0;0;0;0;0;0;0;0;0;0;0;0;0;2;2;4;5;5;6;6;6;6;6;8;9;11;12;13;13;14;14;14;20;20;21;21;21;21;23;24;24;24;24;24;24;24;24;24;24;24;24;24;24;25;25;25;25;25;25;25;25;25;25;25;25;25;25;25;25;25;25;25;25;25;25;25;25;25;25;25;25;25;25;25;25;25;25;25;25;25;25;25;25;25;25;25;25;25;25;25;25;25;25;25;25;25;25;25;25;25;25;25;25;25;25;25;25;25;25;25;25;25;25;25;25;25;25;25;25;25;25;25;25;25;25;25;25;25;25;25;25;25;25;25;25;25;25;25;25;25;25;25;25;25;25;25;25;25;25;25;25;25;25;25;25;25;25;25;25;25;25;25;25;25;25;25;25;25;25;25;25;25;25;25;25;25;25;25;25;25;25;25;25;26;26;26;26;27;27;28;31;31;31;31;33;33;36;36;36;36;36;39;39;40;41;42;42;42;43;43;44;47;52;59;66;73;83;92;104;117;127;138;148;156;179;197;212;222;231;239;266;279;303;321;332;343;354;365;389;401;410;419;427;436;446;460;464;471;474;478;481;485;487;490;495;497;499;501;514;517;525;526;529;532;535;544;547;549;553;556;560;563;574;584;598;599;606;613;620;624;630;638;640;643;645;648;653;657;664;668;672;675;679;686;694;703;703
Switzerland Appenzell Outer Rhodes;55234;243;2437;4412.1374515697;;;;0;0;0;0;0;0;0;0;0;0;0;0;0;0;0;0;0;0;0;0;0;0;0;0;0;0;0;0;0;0;0;0;0;0;0;0;0;0;0;0;0;0;0;1;1;1;1;2;2;2;5;5;5;5;5;5;11;11;11;11;11;30;33;34;42;44;45;48;50;58;61;64;65;66;67;69;71;72;74;77;77;78;78;79;80;81;82;83;85;86;87;87;88;90;91;93;94;94;95;95;96;97;97;97;97;97;98;98;98;98;98;98;99;99;99;99;99;99;99;99;99;100;100;100;100;100;100;100;100;100;100;100;100;100;100;100;100;100;100;100;100;100;101;101;101;101;101;101;101;101;101;101;101;101;101;101;101;102;102;102;103;103;104;104;104;104;105;105;105;105;105;106;106;106;106;107;107;107;107;107;107;108;108;108;108;108;108;108;109;109;109;109;109;110;110;110;111;111;112;112;113;113;114;116;117;118;119;120;121;122;125;126;127;128;129;130;130;131;131;132;132;133;133;134;134;135;136;137;138;139;141;142;144;146;148;149;151;153;155;157;158;159;160;161;162;163;164;165;167;168;170;175;179;182;185;189;193;197;203;208;214;218;225;233;240;247;266;285;304;317;330;343;376;404;430;482;508;533;559;605;653;692;732;761;790;819;851;892;945;987;1000;1012;1025;1047;1102;1129;1161;1180;1200;1219;1255;1292;1321;1358;1374;1389;1405;1456;1499;1540;1560;1579;1598;1617;1665;1705;1732;1758;1772;1786;1800;1859;1894;1919;1953;1968;1983;1998;2028;2065;2116;2134;2152;2169;2187;2213;2254;2287;2300;2314;2327;2340;2372;2405;2437;2437
Switzerland Argovia;677387;1404;28041;4139.5834286752;;;;0;0;0;0;0;0;0;0;0;0;0;0;0;0;0;0;0;0;0;0;0;0;0;0;0;0;0;0;0;0;0;0;0;0;0;1;1;1;3;4;7;7;10;11;12;14;14;15;18;20;27;30;33;43;56;69;96;134;175;223;235;245;283;318;367;407;444;485;506;554;596;631;673;702;736;763;793;832;853;880;901;909;916;930;945;962;988;1007;1015;1017;1026;1037;1052;1069;1077;1087;1092;1098;1105;1111;1123;1128;1132;1134;1140;1144;1148;1152;1154;1161;1165;1167;1172;1176;1180;1182;1185;1187;1194;1195;1196;1197;1198;1199;1199;1200;1201;1202;1209;1211;1212;1212;1213;1213;1215;1216;1217;1218;1218;1219;1221;1222;1225;1226;1228;1229;1230;1232;1233;1235;1238;1239;1240;1244;1247;1252;1262;1267;1271;1277;1300;1315;1328;1332;1335;1337;1344;1352;1359;1365;1378;1392;1395;1401;1416;1430;1439;1453;1460;1462;1469;1486;1495;1510;1525;1531;1533;1537;1553;1564;1587;1597;1613;1615;1620;1635;1651;1669;1679;1687;1690;1699;1728;1752;1772;1785;1804;1815;1824;1851;1881;1896;1913;1932;1947;1956;1985;2019;2046;2069;2092;2101;2108;2126;2146;2173;2200;2220;2225;2240;2260;2279;2309;2328;2351;2364;2371;2399;2436;2458;2486;2498;2512;2522;2543;2558;2568;2585;2591;2596;2602;2612;2630;2646;2662;2686;2696;2712;2755;2810;2868;2932;2995;3019;3064;3194;3336;3483;3638;3761;3852;3940;4198;4472;4739;5003;5327;5484;5754;6195;6655;7043;7432;7799;8084;8334;8810;9305;9762;10160;10523;10653;10845;11299;11624;11954;12290;12554;12657;12885;13293;13634;14007;14461;14751;14841;15101;15532;15986;16291;16630;16889;17011;17331;17735;18099;18475;18854;19190;19314;19626;20095;20603;21066;21481;21860;22058;22363;22931;23467;23963;24415;24727;24902;25211;25786;26251;26718;26874;27076;27234;27574;28041;28041;28041;28041
Switzerland Basel City;194766;37;8108;4162.94425105;;;;0;0;0;0;0;0;0;0;0;0;0;0;0;0;0;0;0;0;0;0;0;0;0;0;0;0;0;0;0;0;0;0;0;0;0;0;1;1;1;1;1;3;3;8;15;21;24;28;33;49;73;92;100;122;143;164;181;220;270;297;356;374;410;462;501;530;569;605;617;653;687;714;754;767;789;798;808;829;841;854;861;877;888;894;904;912;918;924;927;928;929;930;931;936;938;940;941;943;946;951;952;955;956;958;959;962;965;966;967;968;970;970;971;971;972;974;974;975;975;976;976;976;977;977;977;977;978;978;978;978;978;979;979;979;981;982;982;983;983;983;983;983;983;984;984;984;984;984;985;985;985;985;985;985;985;985;986;986;986;986;986;986;986;988;989;990;992;993;996;999;1004;1006;1008;1009;1014;1016;1018;1022;1024;1025;1026;1032;1033;1033;1034;1035;1036;1038;1039;1043;1052;1054;1064;1068;1069;1073;1079;1081;1082;1083;1085;1087;1092;1098;1110;1115;1135;1140;1144;1149;1160;1165;1169;1179;1183;1185;1188;1190;1196;1205;1210;1213;1215;1219;1226;1229;1233;1237;1241;1247;1254;1258;1263;1265;1269;1272;1274;1278;1279;1282;1289;1291;1293;1295;1296;1298;1299;1302;1305;1309;1311;1312;1317;1320;1326;1339;1346;1350;1356;1370;1385;1401;1412;1428;1462;1483;1512;1521;1548;1590;1635;1667;1686;1729;1804;1878;1981;2062;2103;2195;2274;2403;2488;2576;2653;2723;2800;2907;3013;3076;3152;3224;3267;3363;3458;3608;3751;3870;3964;4041;4151;4290;4395;4505;4600;4707;4772;4850;4959;5105;5198;5276;5368;5424;5508;5607;5731;5815;5935;6010;6064;6158;6276;6381;6508;6622;6680;6739;6875;6973;7092;7179;7273;7353;7397;7476;7570;7668;7735;7779;7842;7901;7990;8043;8108;8108
Switzerland Basel Country;288132;518;10881;3776.39415268;;;;0;0;0;0;0;0;0;0;0;0;0;0;0;0;0;0;0;0;0;0;0;0;0;0;0;0;0;0;0;0;0;0;0;0;0;0;0;1;2;2;2;2;2;6;6;15;20;21;24;30;31;48;54;62;85;98;125;143;194;292;299;312;317;353;434;478;514;524;553;578;606;629;646;682;696;708;716;722;739;751;765;770;780;787;800;813;826;830;835;838;842;844;847;850;853;854;854;855;859;861;862;865;865;866;866;867;870;871;872;873;874;874;874;875;875;875;875;875;876;876;876;876;876;876;877;877;877;877;878;878;879;880;881;881;882;882;882;882;883;883;883;883;883;884;884;884;884;884;885;885;885;886;887;887;888;889;891;893;895;896;897;897;898;902;906;907;908;911;914;917;920;921;926;929;932;935;937;938;938;939;939;939;943;945;947;951;952;953;954;955;956;961;963;964;966;973;978;980;982;984;986;988;990;994;996;1000;1012;1014;1015;1016;1020;1029;1038;1043;1045;1046;1051;1057;1061;1066;1075;1076;1077;1083;1088;1095;1096;1100;1104;1108;1112;1116;1123;1131;1137;1140;1142;1145;1147;1152;1153;1156;1157;1158;1160;1162;1164;1170;1174;1175;1177;1178;1180;1186;1191;1201;1207;1210;1221;1235;1248;1266;1285;1297;1316;1367;1395;1454;1506;1559;1586;1627;1706;1778;1844;1942;2061;2144;2215;2300;2411;2526;2646;2789;2936;3093;3251;3340;3521;3623;3739;3783;3839;3987;4128;4259;4389;4537;4625;4697;4881;5023;5171;5307;5452;5551;5632;5793;5970;6121;6276;6397;6513;6597;6754;6928;7060;7217;7380;7463;7595;7803;7991;8183;8372;8542;8621;8721;8899;9069;9219;9368;9504;9603;9692;9890;10052;10183;10284;10347;10420;10502;10641;10765;10881;10881
Switzerland Berne;1034977;5959;42538;4110.0430251107;;;;0;0;0;0;0;0;0;0;0;0;0;0;0;0;0;0;0;0;0;0;0;0;0;0;0;0;0;0;0;0;0;0;0;0;0;0;0;1;1;2;4;4;6;6;17;17;17;34;34;34;34;34;34;34;123;158;193;282;377;418;444;470;532;624;660;718;767;798;826;856;909;1003;1073;1106;1137;1173;1228;1286;1335;1375;1419;1441;1456;1470;1489;1515;1553;1586;1599;1613;1622;1643;1670;1694;1708;1714;1722;1733;1741;1757;1767;1779;1791;1796;1798;1804;1809;1818;1825;1832;1835;1840;1843;1847;1852;1860;1862;1863;1865;1867;1869;1874;1878;1881;1882;1882;1883;1883;1884;1909;1910;1911;1911;1912;1914;1916;1918;1918;1919;1919;1922;1924;1927;1927;1927;1927;1927;1927;1927;1928;1928;1928;1928;1928;1928;1928;1928;1929;1931;1935;1937;1939;1945;1949;1953;1959;1962;1963;1967;1969;1976;1982;1991;1992;1998;2005;2013;2024;2031;2041;2045;2049;2053;2055;2059;2066;2072;2082;2092;2094;2098;2111;2125;2143;2148;2151;2165;2177;2190;2198;2203;2207;2220;2234;2258;2280;2296;2309;2315;2322;2341;2352;2373;2382;2397;2409;2420;2443;2462;2487;2506;2529;2536;2552;2561;2584;2610;2650;2673;2681;2698;2722;2750;2784;2810;2852;2866;2893;2947;2990;3041;3101;3151;3179;3204;3239;3296;3332;3373;3408;3432;3456;3501;3553;3608;3656;3721;3759;3824;3908;4006;4105;4218;4352;4413;4562;4852;5103;5366;5728;5990;6195;6441;6953;7505;8307;9022;9556;10003;10534;11354;12034;12798;13584;14263;14844;15399;16171;17149;17988;18632;19233;19581;20025;20695;21298;21832;22404;22869;23110;23449;24009;24425;24861;25327;25671;25969;26351;26965;27357;27821;28314;28628;28893;29194;29733;30158;30573;31123;31538;31756;32204;32780;33399;33955;34560;34999;35311;35739;36418;37031;37589;38115;38538;38820;39275;39870;40389;40865;41103;41309;41596;41992;42538;42538;42538
Switzerland Friborg;318714;1671;23336;7321.9249860376;;;;0;0;0;0;0;0;0;0;0;0;0;0;0;0;0;0;0;0;0;0;0;0;0;0;0;0;0;0;0;0;0;0;0;0;0;0;0;0;0;1;2;2;4;6;7;7;7;9;12;16;22;28;35;39;44;58;85;109;143;166;203;225;254;292;308;369;422;443;478;492;527;552;590;639;670;690;731;758;788;798;836;848;861;881;892;909;932;958;983;992;998;1009;1017;1024;1032;1036;1043;1047;1060;1073;1081;1095;1100;1105;1107;1111;1119;1121;1125;1130;1133;1142;1145;1147;1149;1150;1151;1153;1154;1156;1157;1158;1159;1160;1161;1162;1162;1163;1164;1165;1165;1166;1166;1167;1169;1171;1172;1173;1177;1178;1179;1180;1182;1184;1186;1187;1187;1188;1190;1191;1196;1197;1199;1200;1208;1211;1216;1220;1225;1229;1232;1236;1244;1249;1252;1257;1259;1261;1264;1265;1269;1272;1277;1280;1282;1284;1288;1290;1298;1303;1310;1311;1317;1318;1321;1325;1326;1327;1331;1338;1348;1356;1359;1364;1366;1370;1374;1379;1383;1384;1390;1395;1399;1407;1411;1414;1424;1431;1434;1440;1457;1470;1493;1522;1555;1566;1576;1599;1617;1638;1658;1683;1690;1707;1734;1769;1803;1824;1878;1902;1924;1978;2020;2040;2076;2109;2128;2154;2182;2200;2227;2264;2280;2287;2317;2330;2338;2355;2373;2391;2394;2409;2425;2450;2474;2498;2524;2535;2573;2619;2668;2746;2890;2957;3048;3155;3293;3444;3602;3782;4005;4214;4448;4730;5037;5530;6003;6299;6784;7272;7874;8415;9203;9891;10405;10913;11556;12361;13235;13910;14618;15045;15358;15952;16546;17052;17490;17841;17995;18204;18431;18744;19044;19217;19351;19445;19680;19828;19980;20126;20231;20342;20392;20494;20630;20782;20907;21022;21123;21191;21277;21370;21486;21587;21698;21796;21864;21956;22052;22140;22223;22301;22394;22462;22529;22624;22714;22840;22888;22934;22995;23052;23148;23245;23336;23336
Switzerland Geneva;499480;1771;40935;8195.523344278;;;;0;0;0;0;0;0;0;0;1;1;1;1;1;1;1;1;1;1;1;1;1;1;1;1;1;1;1;1;1;1;1;1;1;1;1;2;2;5;9;10;11;14;16;21;30;43;45;60;80;113;154;225;344;426;550;702;912;1140;1308;1446;1550;1704;1821;1960;2161;2322;2528;2639;2856;3110;3290;3583;3794;3929;4014;4138;4313;4443;4534;4578;4628;4651;4695;4752;4815;4880;4924;4968;4978;5005;5039;5068;5102;5121;5138;5143;5160;5180;5197;5206;5224;5229;5235;5241;5250;5257;5264;5270;5279;5280;5285;5295;5299;5306;5311;5313;5314;5315;5317;5324;5330;5332;5334;5335;5336;5337;5340;5342;5346;5351;5352;5352;5355;5357;5359;5361;5364;5365;5365;5366;5367;5369;5371;5372;5372;5373;5374;5374;5376;5378;5382;5383;5383;5387;5389;5391;5394;5395;5395;5403;5407;5408;5413;5415;5418;5420;5427;5431;5435;5443;5451;5455;5457;5463;5475;5497;5511;5524;5537;5541;5558;5588;5616;5661;5702;5743;5754;5816;5860;5922;5976;6008;6038;6061;6096;6129;6160;6195;6240;6266;6299;6335;6392;6424;6467;6497;6524;6543;6584;6622;6652;6692;6732;6747;6769;6796;6831;6869;6917;6961;7005;7038;7077;7132;7179;7231;7274;7307;7328;7368;7409;7451;7500;7541;7597;7622;7672;7733;7805;7863;7924;7972;7997;8043;8110;8159;8199;8238;8270;8285;8320;8375;8435;8511;8573;8641;8678;8768;8902;9015;9170;9335;9509;9590;9779;10086;10359;10624;11012;11311;11466;11827;12468;13020;13800;14652;15250;15646;16414;17624;18824;19844;21211;21976;22340;23048;24138;25471;26654;27586;28238;28575;29530;30409;31211;31876;32416;32770;32947;33390;33827;34168;34492;34732;34889;35011;35259;35584;35781;35975;36188;36316;36380;36580;36780;36942;37121;37269;37356;37408;37635;37812;37994;38121;38267;38366;38441;38617;38824;38949;39102;39276;39378;39467;39647;39804;39981;40109;40152;40238;40301;40480;40648;40827;40935;40935
Switzerland Glarus;40403;685;1588;3930.4012078311;;;;0;0;0;0;0;0;0;0;0;0;0;0;0;0;0;0;0;0;0;0;0;0;0;0;0;0;0;0;0;0;0;0;0;0;0;0;0;0;0;0;0;0;0;0;0;0;0;0;1;1;3;6;8;10;10;12;14;16;20;25;29;31;33;40;43;47;47;50;51;53;56;58;59;61;63;63;64;64;67;76;91;92;92;105;106;106;108;111;113;114;115;117;118;119;120;121;121;122;122;122;123;123;124;124;125;125;125;126;126;127;127;127;128;128;128;128;128;128;128;128;128;128;128;128;128;128;128;128;128;128;128;128;128;128;129;129;129;129;129;129;129;129;129;129;129;129;129;129;129;129;129;129;129;129;129;129;129;129;129;129;129;130;130;130;130;130;130;130;131;131;131;132;132;132;133;133;135;136;136;137;137;137;138;138;138;138;139;139;139;139;139;141;141;142;142;142;144;145;145;146;146;146;147;149;150;150;151;151;151;153;154;156;157;158;160;161;162;163;163;163;164;164;164;166;166;166;166;167;167;167;167;167;168;168;168;168;169;169;169;170;172;173;173;174;174;177;178;178;179;179;180;181;184;186;187;188;189;190;191;192;196;197;201;206;210;218;230;240;248;259;269;280;290;309;315;329;342;354;367;377;401;428;451;471;491;511;546;574;604;623;636;648;661;677;719;737;752;763;775;786;796;814;831;846;851;855;860;883;894;911;927;934;942;949;959;973;994;1024;1034;1044;1054;1083;1132;1150;1179;1200;1221;1242;1264;1279;1335;1347;1363;1380;1396;1423;1459;1483;1486;1492;1498;1504;1537;1565;1588;1588
Switzerland Grisons;198379;7105;8168;4117.3712943406;;;;0;0;0;0;0;0;0;0;0;0;0;0;0;0;0;0;0;0;0;0;0;0;0;0;0;0;0;0;0;0;0;0;0;0;0;2;2;6;6;6;9;9;12;14;16;17;18;18;22;31;43;53;56;71;84;101;128;182;226;258;284;300;343;393;433;474;495;519;535;547;592;622;649;657;668;679;684;698;719;730;743;747;750;753;759;764;770;773;778;785;787;791;794;799;800;802;807;809;811;813;814;816;817;817;818;818;819;819;820;820;821;821;822;823;823;824;824;824;825;825;826;826;826;827;827;827;827;827;827;828;828;828;828;828;828;828;828;829;829;829;829;829;829;829;829;829;829;830;830;830;830;830;830;831;831;832;832;834;835;835;836;837;837;838;839;839;840;841;843;845;846;846;848;849;850;851;852;853;854;854;855;857;863;884;897;907;909;912;913;917;922;923;930;932;933;934;936;937;939;940;942;944;946;947;949;950;952;953;953;957;964;971;973;979;981;982;986;991;994;1000;1001;1001;1002;1003;1005;1009;1016;1022;1023;1023;1028;1033;1036;1042;1049;1051;1052;1053;1055;1056;1059;1064;1065;1065;1067;1070;1072;1073;1075;1078;1081;1086;1095;1103;1117;1122;1126;1129;1153;1169;1191;1217;1244;1259;1281;1318;1347;1387;1416;1446;1484;1505;1541;1602;1694;1779;1869;1917;2006;2104;2204;2307;2440;2465;2498;2604;2739;2867;2967;3106;3207;3287;3339;3444;3571;3649;3727;3806;3862;3912;3997;4080;4155;4265;4385;4449;4519;4608;4710;4790;4898;5041;5098;5210;5322;5422;5524;5647;5715;5757;5854;5969;6098;6237;6323;6401;6457;6674;6766;6882;7005;7089;7213;7254;7365;7467;7580;7653;7714;7756;7782;7874;7993;8086;8168;8168
Switzerland Jura;73419;88;4468;6085.6181642354;;;;0;0;0;0;0;0;0;0;0;0;0;0;0;0;0;0;0;0;0;0;0;0;0;0;0;0;0;0;0;0;0;0;0;0;0;0;1;1;1;1;1;1;1;2;3;4;4;5;6;6;9;10;15;16;19;26;27;32;38;49;51;57;76;89;97;110;115;118;123;132;140;144;145;149;155;159;166;169;174;177;178;179;179;180;183;184;186;187;189;190;191;191;191;191;192;192;192;192;193;193;194;194;195;195;196;196;197;197;197;197;197;197;197;198;198;198;198;198;198;199;199;199;199;200;200;200;200;200;200;200;200;200;200;200;200;201;201;201;201;201;201;201;201;201;201;202;202;202;202;203;203;203;204;204;205;205;206;209;211;212;212;217;222;230;233;239;240;241;244;247;248;251;251;252;252;253;254;254;254;254;254;254;255;255;255;255;255;255;255;255;255;255;255;255;255;255;256;256;256;256;256;256;256;256;256;257;257;257;258;258;258;259;259;260;260;261;261;262;262;262;263;264;264;265;267;268;270;272;273;274;276;278;280;283;284;285;285;286;287;289;292;294;296;297;299;301;303;306;310;311;313;318;319;326;327;334;336;344;365;382;414;434;462;478;495;549;605;678;725;796;831;864;932;1012;1077;1148;1247;1381;1477;1530;1614;1747;1863;1986;2130;2221;2396;2604;2667;2777;2810;2899;2968;3024;3073;3161;3221;3258;3290;3317;3370;3397;3440;3472;3512;3531;3543;3582;3627;3667;3704;3731;3738;3750;3777;3793;3808;3833;3843;3858;3880;3902;3919;3939;3951;3975;3983;4009;4056;4095;4132;4163;4182;4205;4237;4257;4282;4305;4318;4337;4355;4379;4421;4468;4468;4468
Switzerland Lucerne;409557;1493;16468;4020.929931609;;;;0;0;0;0;0;0;0;0;0;0;0;0;0;0;0;0;0;0;0;0;0;0;0;0;0;0;0;0;0;0;0;0;0;0;0;0;0;0;0;0;0;0;1;2;3;4;4;6;7;8;12;17;19;25;33;46;61;75;94;117;136;178;211;233;252;316;333;346;367;379;404;426;446;466;476;491;499;510;522;546;555;557;563;571;577;582;594;604;611;615;623;631;635;640;648;649;654;659;667;678;682;683;684;685;686;687;688;689;689;690;690;691;692;693;697;700;701;703;707;710;710;710;711;711;711;711;712;712;712;712;712;712;713;713;713;713;713;713;713;713;714;714;714;714;715;716;717;718;718;720;721;722;723;723;724;726;728;729;730;735;739;740;744;747;748;749;749;752;754;758;763;765;770;773;779;784;787;791;792;794;796;798;807;811;815;817;818;819;827;834;845;852;854;858;864;870;884;890;898;900;901;905;916;928;943;953;959;960;961;966;972;976;980;986;987;989;995;1007;1012;1026;1033;1034;1039;1042;1050;1055;1059;1063;1066;1067;1072;1077;1088;1092;1096;1098;1106;1114;1120;1133;1143;1151;1156;1162;1167;1172;1175;1180;1190;1193;1196;1200;1214;1224;1234;1244;1249;1261;1280;1316;1360;1419;1472;1494;1545;1624;1717;1847;1962;2037;2102;2250;2416;2597;2790;3048;3239;3327;3569;3808;4119;4469;4793;5063;5202;5360;5675;5999;6274;6496;6687;6790;6951;7189;7407;7628;7863;8034;8107;8290;8515;8686;8874;9120;9218;9266;9440;9639;9826;9995;10184;10332;10391;10567;10763;10940;11149;11378;11520;11578;11794;12012;12205;12446;12778;13064;13155;13341;13642;13946;14158;14431;14628;14735;14882;15122;15402;15657;15805;15924;16036;16213;16468;16468;16468;16468
Switzerland Neuchâtel;176850;220;11527;6517.9530675714;;;;0;0;0;0;0;0;0;0;0;0;0;0;0;0;0;0;0;0;0;0;0;0;0;0;0;0;0;0;0;0;0;0;0;0;0;0;0;0;0;1;1;1;8;9;13;18;24;27;31;37;46;59;68;74;93;114;146;175;189;200;216;247;265;280;299;316;337;346;378;402;420;430;444;452;463;485;509;513;545;564;573;583;588;599;612;621;630;633;634;643;648;655;662;665;666;667;672;676;680;685;688;689;689;691;695;700;704;710;711;712;714;716;716;717;717;718;718;719;721;723;723;724;724;724;725;725;725;726;726;726;727;727;727;730;731;732;733;734;735;735;736;736;736;737;738;738;739;740;741;742;743;744;745;745;745;746;746;746;747;747;749;750;751;752;752;753;753;754;754;755;756;757;757;758;759;762;764;766;767;767;768;769;770;771;772;773;773;774;775;778;782;783;786;787;787;789;790;791;794;795;797;799;804;811;818;821;822;823;827;832;833;840;843;845;848;851;853;855;861;870;875;881;882;884;889;898;902;906;916;928;933;946;954;976;982;986;994;1000;1007;1013;1020;1030;1036;1043;1050;1061;1069;1079;1090;1091;1101;1109;1122;1149;1162;1167;1182;1225;1269;1319;1376;1438;1480;1517;1594;1657;1740;1838;1961;2024;2077;2269;2433;2643;2833;3052;3174;3261;3545;3960;4240;4611;4889;5106;5231;5562;5844;6195;6510;6786;6986;7090;7334;7560;7768;7939;8108;8251;8302;8484;8642;8798;8874;8976;9047;9092;9206;9301;9401;9489;9580;9631;9656;9775;9862;9957;10013;10085;10138;10168;10256;10322;10422;10469;10527;10574;10602;10688;10745;10798;10847;10911;10946;10966;11040;11103;11168;11229;11238;11285;11323;11407;11466;11527;11527;11527
Switzerland Nidwalden;43223;276;1452;3359.3225828841;;;;0;0;0;0;0;0;0;0;0;0;0;0;0;0;0;0;0;0;0;0;0;0;0;0;0;0;0;0;0;0;0;0;0;0;0;0;0;0;0;0;0;0;0;0;0;0;0;0;0;4;5;5;5;8;10;12;18;25;28;33;36;39;42;44;48;54;55;59;63;70;73;76;79;80;83;86;87;93;96;100;103;104;105;105;106;107;107;108;108;109;109;109;109;110;110;110;111;111;112;113;113;114;114;114;114;115;115;116;116;117;117;118;120;122;123;123;123;123;123;123;123;123;124;124;124;124;124;124;124;124;124;124;124;124;124;124;124;124;124;124;124;124;124;124;124;124;124;124;124;125;125;125;125;125;125;125;125;125;125;125;125;125;125;125;125;125;125;125;125;126;126;126;126;127;127;127;127;128;128;128;128;128;128;128;129;129;129;129;129;129;129;129;129;130;130;130;130;130;131;131;131;131;131;131;131;131;131;131;132;132;132;132;132;132;132;132;132;133;133;133;134;134;134;134;136;137;138;138;138;138;139;139;139;139;139;139;140;140;140;140;140;141;141;142;142;143;143;144;145;145;146;146;148;152;154;156;159;161;171;177;186;195;199;204;211;220;233;240;248;258;267;276;287;303;319;335;357;361;375;393;405;429;462;473;504;518;539;585;603;629;657;668;680;707;714;733;744;758;770;789;798;807;822;835;842;853;858;865;881;896;902;918;921;934;944;949;970;990;1012;1037;1044;1054;1073;1090;1109;1124;1136;1158;1183;1208;1235;1244;1256;1266;1277;1300;1324;1331;1339;1345;1356;1374;1398;1427;1452;1452
Switzerland Obwalden;37841;491;1387;3665.336539732;;;;0;0;0;0;0;0;0;0;0;0;0;0;0;0;0;0;0;0;0;0;0;0;0;0;0;0;0;0;0;0;0;0;0;0;0;0;0;0;0;0;0;0;0;0;0;0;0;0;0;0;0;1;1;1;1;1;1;1;1;1;1;24;25;27;30;37;37;37;46;47;49;51;56;57;59;60;61;61;62;62;63;63;64;64;65;65;66;66;67;67;67;68;68;71;72;74;75;78;78;78;79;79;79;79;79;79;79;79;79;79;79;80;80;80;80;80;80;80;80;82;82;82;82;82;82;82;82;82;82;82;82;82;82;82;82;82;82;82;82;83;83;83;83;83;83;83;83;83;83;83;83;83;83;83;83;83;83;83;83;83;83;83;83;84;84;84;84;85;86;87;87;88;88;88;88;88;88;89;89;89;89;90;90;90;90;91;91;91;91;91;92;92;93;93;94;94;94;94;95;95;95;95;95;96;96;96;96;97;97;97;99;100;101;101;102;102;102;105;106;106;106;107;107;107;107;107;107;108;108;108;108;108;108;108;108;109;109;109;109;110;111;112;113;114;116;117;119;120;120;121;121;122;123;124;124;125;126;127;132;145;150;160;163;166;169;171;191;207;221;231;242;252;259;266;275;282;301;321;340;375;381;400;414;420;427;433;455;468;486;518;541;565;588;593;616;633;664;683;702;713;748;756;783;810;844;870;881;898;909;926;949;978;984;1003;1012;1027;1047;1065;1080;1088;1103;1112;1135;1144;1156;1166;1178;1189;1192;1204;1218;1233;1241;1257;1265;1281;1298;1313;1324;1335;1345;1348;1360;1369;1387;1387
Switzerland Schaffhausen;81991;298;2991;3647.9613616129;;;;0;0;0;0;0;0;0;0;0;0;0;0;0;0;0;0;0;0;0;0;0;0;0;0;0;0;0;0;0;0;0;0;0;0;0;0;0;0;0;0;0;0;0;0;0;0;0;0;0;1;1;1;1;1;2;2;8;12;17;28;30;32;34;35;36;37;40;41;42;44;44;47;47;47;49;50;50;50;52;53;55;57;58;58;59;60;61;61;62;63;64;64;65;70;71;72;73;74;75;75;75;75;75;76;76;76;76;77;77;78;78;78;78;78;78;78;78;78;78;78;78;78;78;78;79;79;79;79;79;79;79;79;79;79;79;79;79;79;79;79;80;80;80;80;81;81;81;81;81;82;82;82;82;82;82;82;83;83;83;83;83;84;84;84;84;85;85;86;87;87;88;89;89;90;94;96;98;100;100;101;101;102;103;105;105;106;106;106;109;115;116;117;118;120;121;124;131;132;135;136;136;137;139;147;149;151;153;155;157;158;159;160;160;161;161;161;162;162;163;163;163;164;164;165;166;167;167;167;168;168;171;175;176;177;177;177;178;178;178;181;182;183;184;185;186;187;188;189;191;192;193;195;197;203;206;208;211;213;216;222;227;236;239;242;245;252;263;268;277;288;300;311;326;337;368;395;440;485;530;550;569;616;656;693;731;768;781;838;883;928;960;993;1025;1056;1105;1159;1200;1233;1266;1299;1316;1375;1440;1492;1518;1544;1570;1600;1646;1695;1745;1779;1814;1848;1884;1948;1975;2034;2071;2108;2145;2179;2219;2262;2313;2348;2383;2418;2468;2525;2565;2610;2637;2663;2690;2728;2773;2813;2838;2864;2889;2914;2945;2977;2991;2991
Switzerland Schwyz;159165;908;7683;4827.0662520026;;;;0;0;0;0;0;0;0;0;0;0;0;0;0;0;0;0;0;0;0;0;0;0;0;0;0;0;0;0;0;0;0;0;0;0;0;0;0;0;0;0;0;1;3;3;6;6;6;6;6;6;6;9;9;13;13;13;13;13;13;13;13;13;97;102;107;119;122;128;135;140;146;155;165;168;170;178;185;196;213;215;249;251;255;258;261;265;266;267;268;272;276;282;283;284;287;293;294;295;299;302;303;304;305;305;305;305;306;306;306;306;306;307;307;307;307;307;307;307;307;307;307;307;307;307;307;307;307;308;308;308;308;308;308;308;308;308;308;308;308;308;308;308;308;308;308;309;309;309;309;309;310;312;313;315;316;317;320;323;326;328;330;332;336;339;342;344;347;349;353;356;358;362;363;363;366;371;373;374;375;376;376;378;380;382;384;386;387;389;390;394;401;403;405;406;407;408;411;416;417;418;421;424;427;429;431;432;436;438;439;445;451;452;459;460;462;464;474;479;484;485;485;488;490;491;493;494;496;500;504;508;511;512;518;524;527;531;535;536;541;544;546;548;549;551;554;556;564;565;567;569;570;573;584;593;602;616;629;642;676;714;770;839;880;927;974;1029;1123;1242;1352;1417;1507;1596;1686;1845;1961;2066;2165;2304;2443;2595;2758;2877;2993;3142;3263;3384;3481;3577;3684;3765;3863;3911;3958;3982;4053;4113;4190;4237;4279;4321;4355;4415;4498;4559;4614;4662;4709;4744;4811;4889;4957;5004;5049;5093;5157;5240;5314;5406;5464;5514;5563;5617;5681;5778;5871;6029;6205;6233;6260;6366;6474;6615;6717;6788;6858;6924;7047;7163;7275;7397;7425;7452;7480;7574;7683;7683
Switzerland Solothurn;273194;791;10656;3900.5249017182;;;;0;0;0;0;0;0;0;0;0;0;0;0;0;0;0;0;0;0;0;0;0;0;0;0;0;0;0;0;0;0;0;0;0;0;0;0;0;0;0;0;0;0;0;0;1;1;1;1;1;1;1;1;1;1;1;1;1;1;66;76;85;95;104;129;141;157;173;190;193;196;216;227;237;250;258;261;264;276;282;294;306;315;321;325;329;343;350;353;355;357;359;368;375;376;379;380;382;383;384;388;390;392;398;400;402;403;406;407;411;416;420;421;423;425;427;429;430;432;434;436;439;439;439;439;440;440;440;440;441;441;442;442;443;445;446;446;446;447;447;447;447;447;448;448;448;448;449;449;450;451;451;451;452;452;452;453;454;455;455;456;459;461;463;464;466;468;472;475;479;481;484;486;489;491;493;497;499;500;501;502;503;505;506;509;511;514;516;519;521;522;524;526;529;532;535;536;544;545;548;551;555;558;563;573;589;598;603;608;613;625;635;640;643;646;648;651;652;660;666;687;692;697;702;708;713;718;721;724;728;731;735;737;739;744;748;751;755;759;776;783;792;798;804;810;816;821;833;846;851;856;861;866;875;885;893;901;908;916;921;945;962;979;995;1012;1029;1049;1085;1119;1158;1198;1237;1276;1331;1395;1496;1596;1688;1779;1871;1971;2104;2257;2410;2532;2655;2777;2899;3066;3234;3414;3547;3680;3813;3902;4071;4214;4354;4445;4537;4628;4725;4888;5017;5165;5245;5326;5406;5524;5683;5817;5966;6055;6144;6233;6337;6509;6656;6811;6952;7094;7235;7353;7554;7752;7968;8106;8245;8383;8525;8743;8921;9106;9235;9363;9492;9637;9783;9949;10067;10141;10214;10288;10380;10526;10656;10656
Switzerland St. Gallen;507697;2026;27465;5409.7227283202;;;;0;0;0;0;0;0;0;0;0;0;0;0;0;0;0;0;0;0;0;0;0;0;0;0;0;0;0;0;0;0;0;0;0;0;0;0;0;0;0;0;1;1;1;1;4;4;5;13;14;22;30;39;46;49;77;106;133;153;192;201;212;261;290;320;351;386;394;396;433;469;491;513;545;554;560;596;620;633;645;648;656;663;669;678;688;694;706;709;712;724;737;740;746;755;760;763;765;769;775;777;778;779;779;780;781;784;785;786;786;787;787;788;788;788;789;789;790;790;790;790;790;790;791;791;791;791;791;791;791;791;791;792;792;792;792;792;793;793;795;796;799;801;801;802;802;802;802;803;803;804;804;806;807;810;812;816;818;820;821;837;845;849;855;861;864;867;874;880;889;895;896;899;903;905;910;913;918;926;928;930;939;949;955;958;968;970;971;983;988;997;999;1003;1004;1005;1011;1025;1035;1044;1054;1057;1064;1077;1087;1097;1113;1119;1123;1129;1146;1163;1172;1191;1196;1198;1200;1210;1220;1229;1231;1238;1241;1245;1249;1262;1271;1288;1302;1309;1315;1340;1353;1373;1388;1403;1410;1413;1435;1454;1482;1503;1527;1535;1541;1567;1583;1593;1605;1614;1618;1619;1636;1661;1684;1721;1754;1778;1785;1860;1911;1988;2057;2154;2193;2219;2407;2560;2751;2918;3114;3204;3263;3653;4002;4392;4734;5137;5277;5339;6033;6561;7007;7474;7959;8126;8221;8917;9433;9891;10213;10678;10809;10885;11492;11905;12260;12580;12922;13035;13112;13646;14049;14382;14683;15027;15138;15198;15689;16041;16373;16609;17018;17163;17248;17828;18200;18597;18942;19356;19496;19570;20182;20676;21106;21506;21891;22057;22166;22812;23256;23647;23995;24380;24511;24592;25173;25566;25891;26074;26132;26244;26325;26797;27193;27465;27465;27465
Switzerland Thurgovia;276472;991;12022;4348.360774328;;;;0;0;0;0;0;0;0;0;0;0;0;0;0;0;0;0;0;0;0;0;0;0;0;0;0;0;0;0;0;0;0;0;0;0;0;0;0;0;0;0;0;0;0;1;1;1;1;2;5;5;7;8;11;13;20;27;42;49;57;71;78;84;93;110;115;129;138;146;156;167;183;195;207;213;218;227;248;260;266;280;285;292;295;301;309;320;329;332;334;338;340;351;357;358;359;360;360;362;363;365;370;371;371;372;372;373;373;374;374;375;375;376;376;377;377;377;377;378;378;378;378;378;378;378;379;379;379;379;380;381;381;381;381;381;382;382;382;382;382;382;382;382;383;383;383;383;383;383;383;384;384;384;384;385;387;389;391;392;392;393;396;399;400;401;401;402;403;404;408;408;409;409;410;411;414;422;425;428;430;434;435;436;441;443;446;450;452;453;456;459;463;465;466;468;469;470;473;476;479;486;493;500;502;507;517;522;524;529;532;544;546;550;556;557;557;561;566;567;571;575;577;578;580;581;582;587;590;591;592;593;605;611;623;632;637;638;641;660;662;674;686;687;688;689;690;696;699;705;707;712;715;722;731;737;751;762;769;778;802;827;862;899;907;914;923;971;1026;1101;1147;1265;1269;1305;1463;1594;1760;1888;2018;2072;2209;2510;2709;2873;3029;3176;3228;3371;3577;3746;3982;4130;4203;4252;4371;4535;4745;4876;4946;5019;5073;5220;5339;5512;5642;5734;5846;5882;5976;6162;6331;6458;6551;6690;6751;6905;7034;7255;7438;7543;7728;7801;7964;8269;8508;8708;8885;8967;9094;9293;9586;9846;10046;10226;10334;10431;10631;10849;11050;11207;11259;11312;11422;11595;11740;11941;12022;12022
Switzerland Ticino;353343;2812;23705;6708.7787220916;;;;0;0;0;0;0;0;0;0;0;0;0;0;0;0;0;0;0;0;0;0;0;0;0;0;0;0;0;0;0;0;0;0;0;0;0;1;1;1;2;2;4;8;13;25;28;41;49;61;75;108;163;206;265;293;368;426;511;638;849;916;945;1162;1209;1354;1401;1688;1727;1837;1962;2091;2195;2271;2377;2442;2508;2546;2599;2659;2714;2776;2818;2869;2900;2912;2927;2953;2977;2994;3032;3058;3065;3089;3106;3121;3142;3161;3169;3176;3191;3210;3218;3225;3235;3238;3239;3245;3253;3257;3260;3265;3268;3270;3272;3276;3279;3280;3284;3285;3286;3287;3301;3304;3305;3305;3306;3308;3309;3310;3313;3314;3315;3315;3316;3316;3316;3316;3316;3316;3317;3317;3317;3317;3318;3318;3321;3322;3322;3323;3324;3325;3325;3326;3326;3327;3327;3327;3328;3328;3328;3328;3329;3332;3334;3341;3342;3346;3351;3355;3363;3365;3367;3370;3373;3375;3376;3381;3390;3393;3398;3402;3407;3413;3415;3416;3417;3418;3420;3421;3424;3428;3431;3435;3437;3440;3442;3444;3445;3446;3449;3450;3452;3453;3458;3460;3463;3466;3467;3469;3470;3476;3486;3492;3500;3504;3508;3512;3519;3523;3531;3533;3536;3538;3541;3543;3548;3551;3556;3558;3559;3561;3565;3567;3571;3577;3581;3586;3590;3593;3596;3604;3608;3611;3615;3618;3621;3627;3629;3634;3635;3636;3637;3640;3646;3651;3661;3668;3675;3682;3699;3738;3778;3818;3848;3877;3907;3952;4054;4133;4245;4341;4491;4517;4654;4909;5032;5327;5584;5840;5987;6222;6530;6910;7256;7660;7892;8225;8480;8858;9310;9682;10052;10238;10389;10712;11194;11530;11876;12221;12480;12610;12826;13119;13374;13623;13902;14129;14269;14465;14718;14932;15211;15457;15667;15795;15961;16222;16492;16815;17034;17258;17374;17569;17841;18106;18432;18735;19000;19174;19387;19705;19963;20201;20511;20780;20902;21157;21438;21734;22036;22184;22352;22513;22786;23096;23393;23705
Switzerland Uri;36433;1077;1381;3790.5195838937;;;;0;0;0;0;0;0;0;0;0;0;0;0;0;0;0;0;0;0;0;0;0;0;0;0;0;0;0;0;0;0;0;0;0;0;0;0;0;0;0;0;0;0;0;0;0;0;0;0;0;0;2;2;2;2;2;2;5;7;7;12;12;22;25;25;38;40;48;50;53;57;59;60;62;66;67;68;68;72;73;74;75;77;78;78;78;78;79;79;79;79;79;79;80;80;80;80;83;85;86;86;87;89;90;91;91;92;92;92;92;92;92;93;93;93;93;93;93;93;93;93;93;93;93;93;93;93;93;93;93;93;93;93;93;93;93;93;94;94;94;94;94;94;94;94;94;94;94;94;94;94;94;94;94;94;94;94;94;94;95;95;97;103;104;104;105;105;106;107;108;109;109;110;110;110;111;111;111;111;112;112;112;113;114;115;115;115;116;116;116;116;116;116;117;117;117;117;118;118;118;118;119;119;119;120;121;123;124;125;126;127;129;130;130;131;131;132;134;136;137;137;137;137;137;137;138;138;138;138;138;138;138;138;138;139;139;139;139;139;139;139;140;140;140;140;141;141;141;141;142;142;142;142;143;143;146;148;149;151;158;165;167;173;176;179;182;184;193;196;199;210;221;232;238;262;272;282;300;317;335;344;381;402;423;444;465;486;508;529;541;554;566;577;589;599;614;628;643;675;706;719;750;774;779;818;828;839;849;869;879;889;908;914;921;927;949;956;963;982;993;1003;1014;1030;1043;1053;1069;1094;1108;1122;1141;1165;1177;1187;1203;1220;1236;1248;1266;1280;1293;1307;1319;1331;1338;1360;1381;1381
Switzerland Valais;343955;5224;25499;7413.4697852917;;;;0;0;0;0;0;0;0;0;0;0;0;0;0;0;0;0;0;0;0;0;0;0;0;0;0;0;0;0;0;0;0;0;0;0;0;0;0;1;1;2;4;4;5;6;6;7;14;18;23;30;55;71;92;103;162;215;297;335;430;481;518;614;714;783;859;951;997;1031;1116;1184;1253;1300;1350;1383;1398;1466;1504;1541;1568;1600;1624;1637;1651;1680;1693;1710;1727;1736;1745;1764;1772;1779;1794;1803;1808;1810;1828;1838;1845;1851;1855;1857;1859;1867;1869;1873;1874;1878;1879;1880;1884;1885;1885;1887;1896;1899;1900;1901;1902;1903;1903;1903;1904;1904;1906;1909;1911;1912;1912;1913;1913;1914;1915;1916;1917;1919;1920;1922;1927;1928;1932;1936;1940;1942;1943;1945;1949;1950;1951;1959;1963;1965;1969;1975;1985;1993;2001;2005;2006;2014;2018;2021;2025;2029;2031;2033;2036;2039;2040;2041;2043;2048;2051;2054;2059;2061;2062;2066;2067;2067;2070;2072;2075;2077;2079;2080;2080;2082;2087;2096;2104;2106;2109;2110;2113;2121;2125;2131;2138;2144;2147;2158;2165;2173;2181;2188;2193;2198;2207;2213;2221;2229;2247;2258;2261;2275;2289;2300;2309;2324;2326;2330;2334;2344;2358;2375;2388;2396;2398;2407;2416;2422;2435;2444;2454;2461;2480;2488;2508;2533;2545;2550;2556;2572;2586;2604;2619;2625;2630;2634;2649;2663;2689;2705;2736;2753;2770;2805;2866;2969;3064;3203;3284;3360;3589;3811;4110;4422;4819;5102;5301;5867;6426;7097;7775;8535;9057;9433;10314;11203;11970;12756;13560;14029;14347;15197;15880;16419;16963;17421;17686;17877;18431;18857;19200;19518;19821;20001;20120;20443;20725;20938;21133;21285;21404;21498;21718;21883;22027;22170;22326;22403;22477;22640;22766;22886;23012;23149;23211;23274;23451;23529;23673;23789;23911;23983;24053;24174;24284;24382;24462;24554;24600;24646;24751;24847;24944;25027;25078;25156;25232;25364;25482;25499;25499;25499
Switzerland Vaud;799145;3212;56570;7078.8154840486;;;;0;0;0;0;0;0;0;0;0;0;0;0;0;0;0;0;0;0;0;0;0;0;0;0;0;0;0;0;0;0;0;0;0;0;0;0;0;0;0;0;0;0;0;0;23;30;40;51;130;203;277;370;477;566;797;1040;1304;1515;1755;1874;1976;2282;2547;2739;2944;3178;3309;3394;3606;3765;3917;4051;4186;4258;4297;4416;4496;4587;4684;4732;4772;4809;4853;4920;4969;4998;5030;5048;5059;5091;5122;5143;5174;5196;5209;5217;5235;5257;5271;5284;5301;5310;5315;5323;5334;5353;5358;5369;5376;5377;5384;5394;5403;5408;5412;5413;5414;5418;5422;5426;5429;5431;5437;5439;5441;5442;5444;5446;5449;5450;5451;5453;5455;5457;5460;5462;5464;5466;5467;5470;5471;5475;5482;5483;5483;5486;5494;5499;5501;5507;5509;5511;5522;5528;5537;5540;5546;5548;5556;5572;5589;5598;5623;5636;5639;5646;5659;5675;5691;5703;5717;5726;5732;5745;5765;5781;5795;5811;5821;5827;5840;5846;5857;5868;5883;5895;5902;5923;5951;5991;6012;6031;6058;6071;6090;6104;6123;6141;6163;6179;6185;6211;6236;6260;6298;6322;6347;6366;6400;6442;6490;6565;6628;6673;6704;6772;6840;6905;6981;7062;7123;7170;7263;7359;7455;7575;7711;7809;7869;7992;8109;8254;8433;8611;8703;8805;8935;9095;9238;9413;9528;9608;9672;9764;9900;10021;10102;10186;10237;10266;10339;10425;10504;10609;10698;10796;10884;11016;11170;11364;11561;11771;11966;12110;12365;12670;12990;13454;13832;14153;14509;15093;15778;16563;17383;18401;19010;19561;20816;22111;23399;24680;25845;26710;27533;29129;30504;31886;33131;34303;35145;35888;37242;38542;39551;40496;41355;41991;42367;43165;43830;44394;44930;45385;45753;46005;46535;46895;47316;47709;48027;48242;48431;48784;49092;49462;49823;50170;50420;50585;50953;51241;51565;51845;52090;52287;52430;52721;53016;53298;53527;53785;53960;54100;54395;54668;54931;55158;55267;55448;55654;55996;56315;56570;56570;56570
Switzerland Zug;126837;239;4888;3853.7650685526;;;;0;0;0;0;0;0;0;0;0;0;0;0;0;0;0;0;0;0;0;0;0;0;0;0;0;0;0;0;0;0;0;0;0;0;0;0;0;0;0;0;0;1;1;2;3;3;3;10;10;11;11;11;13;13;20;29;33;37;48;53;59;66;72;80;87;94;101;107;112;114;125;131;138;146;149;152;157;162;165;168;169;169;170;171;171;172;172;174;175;176;176;177;178;180;181;183;185;186;188;189;189;190;190;190;191;192;192;193;193;193;194;194;195;197;198;199;199;200;200;200;200;201;201;202;202;202;202;202;202;202;202;203;203;203;203;203;203;203;203;205;207;209;211;212;212;213;214;215;215;215;216;216;216;217;218;219;221;222;222;223;225;227;229;233;235;237;238;240;241;243;245;248;250;253;255;257;259;260;260;261;261;265;268;270;271;271;272;272;273;279;284;288;290;291;293;296;296;297;297;299;300;302;305;307;309;312;313;314;315;317;319;321;323;327;330;334;338;340;341;344;346;347;349;353;354;361;371;373;375;377;384;386;388;392;396;400;404;408;409;410;414;415;415;416;417;423;424;429;430;431;432;433;441;447;450;467;484;485;510;536;564;591;619;662;670;700;746;792;845;904;957;962;1014;1075;1149;1212;1286;1354;1403;1469;1544;1608;1674;1776;1814;1845;1895;1967;2062;2133;2183;2238;2276;2313;2369;2425;2506;2561;2608;2644;2701;2766;2835;2883;2943;2982;3025;3068;3126;3186;3227;3289;3329;3356;3400;3456;3525;3571;3641;3673;3706;3747;3799;3851;3898;3961;4001;4038;4095;4157;4220;4265;4327;4393;4424;4481;4517;4575;4627;4650;4683;4710;4764;4829;4888;4888
Switzerland Zurich;1520968;1729;69545;4572.4170396747;;;;0;0;0;0;0;0;0;0;0;0;0;0;0;0;0;0;0;0;0;0;0;0;0;0;0;0;0;0;0;0;0;0;0;0;0;0;2;2;6;7;10;13;15;23;29;34;40;49;62;101;140;163;218;250;326;429;568;679;711;918;977;1066;1212;1356;1488;1614;1688;1720;1846;1934;2123;2287;2415;2448;2478;2592;2675;2769;2866;2906;2964;2981;2998;3045;3091;3125;3148;3187;3214;3230;3255;3294;3309;3334;3365;3368;3386;3401;3430;3441;3454;3457;3461;3463;3479;3494;3504;3514;3519;3522;3527;3529;3535;3540;3542;3547;3549;3553;3557;3561;3562;3564;3566;3567;3569;3575;3578;3583;3589;3595;3596;3596;3597;3600;3608;3614;3618;3619;3620;3620;3621;3623;3625;3628;3633;3640;3647;3657;3662;3663;3670;3675;3678;3682;3698;3706;3725;3737;3748;3757;3785;3833;3889;3912;3925;3933;3952;3977;4000;4019;4039;4050;4068;4085;4112;4144;4159;4188;4203;4216;4231;4269;4296;4320;4343;4357;4363;4383;4408;4453;4483;4514;4537;4548;4560;4579;4630;4665;4697;4738;4754;4793;4857;4909;4965;5025;5087;5116;5160;5226;5295;5370;5453;5497;5538;5570;5620;5737;5833;5921;5984;6037;6057;6125;6217;6289;6385;6463;6505;6548;6643;6704;6789;6877;6953;7000;7019;7070;7133;7218;7299;7342;7396;7437;7481;7541;7601;7667;7743;7774;7793;7854;7989;8086;8218;8317;8517;8558;8718;8901;9049;9284;9553;9763;9936;10166;10394;10734;11448;11988;12512;12717;13043;14027;14804;15488;16242;17313;17791;18488;19511;20873;21891;22946;23845;24273;24731;25828;27026;28668;29106;29968;30440;31155;32166;32979;33759;34478;35081;35451;36315;37280;38061;38785;39512;39863;40184;40978;41790;42455;43216;43945;44363;44735;45512;46451;47217;48188;48980;49434;49939;50944;51994;52923;53960;54720;55366;55866;56868;57804;58907;59725;60538;61118;61590;62569;63776;64771;65401;65767;66233;66765;67729;68633;69545;69545
