Country/Region;Population;Area;% Max;% Min;% Latest;% Last Day;Comments;2020-01-22;2020-01-23;2020-01-24;2020-01-25;2020-01-26;2020-01-27;2020-01-28;2020-01-29;2020-01-30;2020-01-31;2020-02-01;2020-02-02;2020-02-03;2020-02-04;2020-02-05;2020-02-06;2020-02-07;2020-02-08;2020-02-09;2020-02-10;2020-02-11;2020-02-12;2020-02-13;2020-02-14;2020-02-15;2020-02-16;2020-02-17;2020-02-18;2020-02-19;2020-02-20;2020-02-21;2020-02-22;2020-02-23;2020-02-24;2020-02-25;2020-02-26;2020-02-27;2020-02-28;2020-02-29;2020-03-01;2020-03-02;2020-03-03;2020-03-04;2020-03-05;2020-03-06;2020-03-07;2020-03-08;2020-03-09;2020-03-10;2020-03-11;2020-03-12;2020-03-13;2020-03-14;2020-03-15;2020-03-16;2020-03-17;2020-03-18;2020-03-19;2020-03-20;2020-03-21;2020-03-22;2020-03-23;2020-03-24;2020-03-25;2020-03-26;2020-03-27;2020-03-28;2020-03-29;2020-03-30;2020-03-31;2020-04-01;2020-04-02;2020-04-03;2020-04-04;2020-04-05;2020-04-06;2020-04-07;2020-04-08;2020-04-09;2020-04-10;2020-04-11;2020-04-12;2020-04-13;2020-04-14;2020-04-15;2020-04-16;2020-04-17;2020-04-18;2020-04-19;2020-04-20;2020-04-21;2020-04-22;2020-04-23;2020-04-24;2020-04-25;2020-04-26;2020-04-27;2020-04-28;2020-04-29;2020-04-30;2020-05-01;2020-05-02;2020-05-03;2020-05-04;2020-05-05;2020-05-06;2020-05-07;2020-05-08;2020-05-09;2020-05-10;2020-05-11;2020-05-12;2020-05-13;2020-05-14;2020-05-15;2020-05-16;2020-05-17;2020-05-18;2020-05-19;2020-05-20;2020-05-21;2020-05-22;2020-05-23;2020-05-24;2020-05-25;2020-05-26;2020-05-27;2020-05-28;2020-05-29;2020-05-30;2020-05-31;2020-06-01;2020-06-02;2020-06-03;2020-06-04;2020-06-05;2020-06-06;2020-06-07;2020-06-08;2020-06-09;2020-06-10;2020-06-11;2020-06-12;2020-06-13;2020-06-14;2020-06-15;2020-06-16;2020-06-17;2020-06-18;2020-06-19;2020-06-20;2020-06-21;2020-06-22;2020-06-23;2020-06-24;2020-06-25;2020-06-26;2020-06-27;2020-06-28;2020-06-29;2020-06-30;2020-07-01;2020-07-02;2020-07-03;2020-07-04;2020-07-05;2020-07-06;2020-07-07;2020-07-08;2020-07-09;2020-07-10;2020-07-11
American Samoa;55191;200;0;0;0;;;0;0;0;0;0;0;0;0;0;0;0;0;0;0;0;0;0;0;0;0;0;0;0;0;0;0;0;0;0;0;0;0;0;0;0;0;0;0;0;0;0;0;0;0;0;0;0;0;0;0;0;0;0;0;0;0;0;0;0;0;0;0;0;0;0;0;0;0;0;0;0;0;0;0;0;0;0;0;0;0;0;0;0;0;0;0;0;0;0;0;0;0;0;0;0;0;0;0;0;0;0;0;0;0;0;0;0;0;0;0;0;0;0;0;0;0;0;0;0;0;0;0;0;0;0;0;0;0;0;0;0;0;0;0;0;0;0;0;0;0;0;0;0;0;0;0;0;0;0;0;0;0;0;0;0;0;0;0;0;0;0;0;0;0;0;0;0;0;0;0;0;0
Northern Mariana Islands;57559;460;0.209501392;0.0057093564;0;;;0;0;0;0;0;0;0;0;0;0;0;0;0;0;0;0;0;0;0;0;0;0;0;0;0;0;0;0;0;0;0;0;0;0;0;0;0;0;0;0;0;0;0;0;0;0;0;0;0;0;0;0;0;0;0;0;0;0;0;0;0;0;0;0;0;0;0;0;0;0;0;0;0;0;0;0;0;0;0;0;0;0.040516561;0.0360037516;0.0333232726;0.0491134268;0.0615652017;0.0598537215;0.0580388004;0.0557305092;0.0510211777;0.0430010561;0.0330644312;0.024779634;0.0211202498;0.0235748371;0.0266753801;0.0307154939;0.0361985207;0.0413676017;0.0482597305;0.0579087328;0.0723822632;0.0723786384;0.0723750425;0.0723714718;0.0723679284;0.0767539905;0.0977892904;0.1272303986;0.1336405907;0.1591448208;0.1999795224;0.2094434939;0.1767059673;0.1279979752;0.0857318027;0.063931029;0.0566181714;0.0471611544;0.0382175024;0.0336382154;0.0304818859;0.0283578258;0.030424361;0.0343112213;0.0312888569;0.0312700925;0.0354231387;0.0408489074;0.0482383057;0.0516814424;0.0556543126;0.060289348;0.0795686564;0.1215479369;0.1804115608;0.209501392;0.1842445662;0.1318804748;0.1011747683;0.1093883267;0.1212999481;0.102185932;0.0628301818;0.0282982303;0.0057093564;0.0057419428;0.0071773806;0.0095697774;0.0102532649;0.0110419052;0.011961985;0.0164721334;0.0717709709;0.071770503;0.0717700359;0.0717695706;0.0717691031;0.0717686395;0.0717681811;0.0717677184;0.0717672576;0.0717667999;0.0717663463;0.0707626241;0.0626579874;0.0455310685;0.025021025;0.0092618493;0;0;0
US;331002651;9147420;0.5198372462;0.0192376247;0.0879878566;0.0192653772;;0;0;0;0;0;0;0;0;0;0;0;0;0;0;0;0;0;0;0.0192376247;0.0200464397;0.0209271912;0.026425619;0.0371886355;0.0507709811;0.068160568;0.0880611765;0.1125305491;0.0927448655;0.081897255;0.0787771059;0.0758828126;0.0724851713;0.0672150905;0.0601534805;0.0533083592;0.0541459668;0.0576660379;0.0897716406;0.1503935968;0.2218500606;0.30590897;0.3940517348;0.4639285837;0.5198372462;0.5043455788;0.4973856964;0.4694588707;0.4063524892;0.3686122901;0.3468601283;0.362625054;0.3958205757;0.4154025794;0.3684011163;0.3250869244;0.2988268532;0.3169583557;0.3898993565;0.4373635113;0.457599991;0.4281335888;0.3784901906;0.3327030162;0.2946833588;0.2734721864;0.2556155263;0.2428547084;0.2275796528;0.2073003209;0.1880714833;0.1708160433;0.1631050151;0.1573273362;0.152292633;0.1449783244;0.1348884963;0.1233927357;0.1123664546;0.1068443466;0.1035927612;0.1017202257;0.0974865782;0.0911309697;0.0847071804;0.078997621;0.0772207839;0.0790342357;0.0820422327;0.0829985871;0.0815296081;0.0784483714;0.0759986721;0.0763929942;0.0800533451;0.0850892682;0.0884384975;0.0870562358;0.0813667487;0.0745862079;0.0711520359;0.0729315359;0.0768945956;0.0800174879;0.0795262773;0.0750471482;0.0704512747;0.068769129;0.0710832624;0.0744291149;0.0758807945;0.0730664963;0.0685210268;0.0647958014;0.0648098516;0.0690617283;0.074522908;0.0777684279;0.076500431;0.0737123309;0.0706948649;0.0713152414;0.0740315336;0.0777542092;0.0776429616;0.0752143856;0.0716799205;0.0678700042;0.0670254689;0.0684297329;0.072384103;0.0756909566;0.0771396418;0.0749073511;0.0718197897;0.0708167637;0.0720931371;0.0751155187;0.0779831217;0.0769773463;0.0731136396;0.0686157717;0.0674870716;0.070718507;0.0765867877;0.080827843;0.0810402158;0.0786054386;0.0757974567;0.076079838;0.0802047478;0.0856590151;0.0890524025;0.0889433121;0.0867226673;0.0855437659;0.0863564538;0.0889594189;0.092875072;0.0940653112;0.0922386991;0.0893267259;0.0868752243;0.0867910881;0.0891921716;0.0912827207;0.0893216977;0.0855222194;0.0818048365;0.0803073389;0.0819526818;0.0857129032;0.0879878566
US Alabama;4903185;131171;0.3766935056;0.0524524361;0.0930254465;0.0284905362;;0;0;0;0;0;0;0;0;0;0;0;0;0;0;0;0;0;0;0;0;0;0;0;0;0;0;0;0;0;0;0;0;0;0;0;0;0;0;0;0;0;0;0;0;0;0;0;0;0;0;0;0;0;0;0;0;0;0;0;0.3766935056;0.3288481579;0.3004435599;0.2778862085;0.2492942744;0.3086164018;0.3399969808;0.3650676101;0.336317218;0.2463726764;0.1843517936;0.1358085618;0.1273573623;0.1293394798;0.136122;0.1441465432;0.1407932473;0.1332799239;0.1254995351;0.1326430635;0.1368387067;0.1405737586;0.1383059091;0.1239597325;0.1105994656;0.0954575426;0.0870353745;0.081680943;0.0755541601;0.0728268992;0.0683502596;0.064320558;0.0674913848;0.0789440601;0.0843198834;0.0860919775;0.0864313063;0.0823207084;0.0789151354;0.0769448652;0.0794003722;0.0731073649;0.0711823894;0.0733544606;0.0819474563;0.0924785039;0.0990211504;0.1042657869;0.0977625899;0.1003735143;0.097625485;0.0945051659;0.086465834;0.0791338987;0.0776293468;0.0778186188;0.0809720483;0.0806138803;0.0781626313;0.0762037939;0.0765266859;0.0807576431;0.0857118346;0.0924247048;0.0935401272;0.0927938478;0.092195357;0.0952213199;0.0994347812;0.0993045137;0.0962481935;0.0926101499;0.0892848711;0.0862618196;0.0789036414;0.066774715;0.055770026;0.0524524361;0.0589656773;0.0709288736;0.0829183053;0.0860427155;0.0888089678;0.0950678563;0.1071061248;0.1174020708;0.1214252626;0.1154277548;0.1010795066;0.0852142845;0.0762460951;0.0756732284;0.0762743897;0.071193148;0.0650429455;0.0611106745;0.0682994049;0.0822992278;0.0954390013;0.1023963781;0.0960964374;0.0924593689;0.0917035698;0.0956862076;0.0957155889;0.0985025997;0.0957008109;0.0925842695;0.0846282618;0.0777925;0.0763345552;0.0843034377;0.0930254465
US Alaska;731545;1477953;0.304948567;0.0313854471;0.0884448976;0.0468631897;;0;0;0;0;0;0;0;0;0;0;0;0;0;0;0;0;0;0;0;0;0;0;0;0;0;0;0;0;0;0;0;0;0;0;0;0;0;0;0;0;0;0;0;0;0;0;0;0;0;0;0;0;0;0;0;0;0;0;0;0;0;0;0;0;0.304948567;0.2756932703;0.2569236463;0.2485693632;0.2233568201;0.1895902976;0.1517672452;0.1222155205;0.1030428929;0.0968438482;0.0999631001;0.099974007;0.0962205952;0.0926409144;0.0942946742;0.0920727829;0.0866613313;0.0850402179;0.0777097491;0.0723924397;0.0686252096;0.0605495207;0.0580028694;0.056372826;0.0583764856;0.0517825767;0.0512613607;0.0503603404;0.0505608716;0.0532690643;0.0487936306;0.0433281306;0.0313854471;0.0338671843;0.0486872978;0.0662816591;0.0830847088;0.0872484435;0.0808610298;0.0655797711;0.0618001244;0.0561029176;0.0457599209;0.0446704344;0.0445482191;0.0467164267;0.0493957187;0.0529369398;0.0564612549;0.0647039007;0.0775740186;0.0756198416;0.0823624037;0.0943234019;0.1026989768;0.0979566224;0.0863408615;0.0688546073;0.0551219397;0.0544227462;0.0602120875;0.0588331293;0.0530982151;0.0624745347;0.0855955922;0.1249373522;0.135037399;0.1381626045;0.1468992092;0.1542247049;0.1604898012;0.1463519171;0.1203102455;0.0962341324;0.0810684385;0.076610864;0.0783719182;0.0852022185;0.0870962872;0.0888357095;0.0917063499;0.091954881;0.0812765187;0.0684218035;0.0638020296;0.0659063738;0.0747643815;0.0782396449;0.0801472682;0.0728496274;0.0704522629;0.0724101017;0.0787399001;0.0954074803;0.0994417505;0.0968401178;0.0988784294;0.10450945;0.1101131618;0.116371357;0.1209566338;0.1213424611;0.1109139663;0.0964353772;0.0805859207;0.0748403616;0.0783980325;0.0884448976
US Arizona;7278717;294207;0.5544894982;0.0640060498;0.0840299779;0.0259898026;;0;0;0;0;0;0;0;0;0;0;0;0;0;0;0;0;0;0;0;0;0;0;0;0;0;0;0;0;0;0;0;0;0;0;0;0;0;0;0;0;0;0;0;0;0;0;0;0;0;0;0;0;0;0;0;0;0.2037615085;0.2591668641;0.3364499734;0.436882281;0.50268534;0.5544894982;0.550978698;0.5079590754;0.448756788;0.3626997784;0.3015462125;0.2437203161;0.2118504903;0.1787208599;0.1558721672;0.1460388241;0.1332310045;0.1315640312;0.1278634825;0.1334859467;0.129637562;0.1143651293;0.102079762;0.0923168822;0.0925225763;0.0901321892;0.0920792761;0.0859209615;0.0739935412;0.0731321595;0.0748114895;0.0884915907;0.1000444315;0.1013869582;0.0915236063;0.0808106544;0.081231855;0.0843702394;0.0952329412;0.099535207;0.0964259629;0.0879703055;0.0806395139;0.0828431134;0.0914975913;0.1006918357;0.1067936639;0.1024481053;0.095762963;0.0889591244;0.0899481693;0.09097017;0.093751152;0.0954786586;0.0897607926;0.0785250453;0.0719421626;0.0736805002;0.0820866107;0.0937882127;0.0960913907;0.0903603886;0.0810969107;0.0727888841;0.0682381776;0.0724853075;0.0765224442;0.0753057029;0.071802681;0.0679755155;0.0640060498;0.067517993;0.0783749718;0.0958229546;0.1101429764;0.1162955058;0.1103077514;0.105309323;0.1079556158;0.1108213173;0.1161012342;0.1218674676;0.1204797838;0.112150514;0.1018543452;0.0907226734;0.0937828732;0.1009403284;0.1060822679;0.1008479484;0.0952850464;0.0941187948;0.0969583549;0.1093565684;0.1195277535;0.1288344345;0.1248264548;0.1158769049;0.1076574612;0.0998487445;0.0961888811;0.0955225131;0.0980035513;0.0944240275;0.0925230211;0.0871875236;0.0888245208;0.0972397326;0.0998368291;0.0983094376;0.0880608799;0.0829831514;0.0798378834;0.0792758338;0.0825282794;0.0840299779
US Arkansas;3017804;134771;0.4640176595;0.0390022021;0.079223351;0;;0;0;0;0;0;0;0;0;0;0;0;0;0;0;0;0;0;0;0;0;0;0;0;0;0;0;0;0;0;0;0;0;0;0;0;0;0;0;0;0;0;0;0;0;0;0;0;0;0;0;0;0;0;0;0;0;0;0;0.3677823999;0.4115069211;0.4640176595;0.4392679287;0.3356857315;0.2698684446;0.221559278;0.2202288529;0.1966461315;0.1648175234;0.1241153697;0.0982674552;0.0952126976;0.1038399043;0.1196571401;0.1201421981;0.1193973262;0.1092629684;0.1071365196;0.1081452476;0.1100828743;0.113695934;0.1090996901;0.1026628176;0.0950596217;0.094410731;0.0974847265;0.1020263493;0.0971105581;0.0859720671;0.0747799894;0.0717291408;0.0864988336;0.1103793527;0.1376007169;0.1445423774;0.1391707476;0.1288626657;0.1120823117;0.0939700822;0.0743133857;0.0585890018;0.054763327;0.0483125043;0.043463499;0.0403274695;0.0425099272;0.0390022021;0.0420246198;0.0565475656;0.0640172081;0.0766310736;0.0894941635;0.106164374;0.1214485638;0.1160801206;0.0989327256;0.0900478297;0.0972773053;0.104533309;0.1020924368;0.0922503222;0.0813740885;0.0947117367;0.1089266989;0.1191697009;0.1086253059;0.0937385757;0.0714244088;0.0671059076;0.0745201945;0.083487149;0.0956802132;0.0960837838;0.0949103583;0.0903913729;0.101942026;0.1045121218;0.1050332128;0.1066061662;0.1044700083;0.1013081773;0.093613097;0.0900956662;0.0903554214;0.0991352276;0.1084402501;0.1088130074;0.1022933608;0.0900574567;0.0770203732;0.0737538938;0.0788456733;0.0856405481;0.0902118749;0.0883111278;0.0866359109;0.087666132;0.0951388444;0.0936647718;0.0853695826;0.0785577877;0.0792382627;0.0849228108;0.0869030294;0.0879110581;0.0861832266;0.0825257228;0.079524505;0.0755891766;0.0699590257;0.0712666422;0.0750946388;0.079223351
US California;39512223;403466;0.3294008151;0.0701583483;0.0900668943;0.0264445591;;0;0;0;0;0;0;0;0;0;0;0;0;0;0;0;0;0;0;0;0;0;0;0;0;0;0;0;0;0;0;0;0;0;0;0;0;0;0;0;0;0;0;0;0;0;0;0;0;0.1856834996;0.2148128099;0.2316774615;0.2164547149;0.1979867303;0.1787846798;0.1593100564;0.1774632947;0.2229052747;0.2892126489;0.3294008151;0.3270536495;0.3007230776;0.2411110557;0.2125444722;0.185706205;0.1906228294;0.2059375683;0.2224624703;0.2438592846;0.237183379;0.2217115174;0.1907628234;0.1659895752;0.1518099793;0.14448666;0.1481709503;0.1424324038;0.1347029614;0.1190350432;0.1081968457;0.1035634782;0.0975008249;0.095228618;0.0855098245;0.0790557922;0.0702065131;0.0701583483;0.0786320226;0.0890523798;0.0985825164;0.0952134862;0.093480411;0.0916825025;0.1004196135;0.11000495;0.112960088;0.1099630658;0.094014983;0.0814360111;0.0731685856;0.0745671919;0.07858594;0.0848926616;0.0857550435;0.078715825;0.075776141;0.0730132047;0.0773675213;0.0845092119;0.0912295422;0.090548205;0.0886641049;0.0826960274;0.0767757858;0.0747849409;0.0742835967;0.0770379571;0.0797591971;0.079530894;0.0767540432;0.0765012234;0.0758742339;0.078975271;0.0841709676;0.0888257783;0.0877727422;0.083478596;0.0809581131;0.081194687;0.0831424996;0.0858390971;0.0897116292;0.0926186613;0.093121361;0.0903549354;0.084205231;0.078148576;0.0758925788;0.079119274;0.081565388;0.080956115;0.0775883963;0.0743366874;0.0733480828;0.0770290419;0.0833214587;0.0862036732;0.0848170771;0.0796928243;0.0763707674;0.0794984086;0.0874069525;0.0937414751;0.0962722034;0.0944729818;0.0946761313;0.0987309025;0.1023175761;0.1024166402;0.0981859939;0.0916894129;0.0849176051;0.0852935879;0.0911591862;0.0977395907;0.1007062364;0.0972062882;0.0903745713;0.0861537302;0.0897208627;0.0923731263;0.092132832;0.0900668943
US Colorado;5758736;268431;0.4548179772;0.0478929325;0.0920031018;0.018747361;;0;0;0;0;0;0;0;0;0;0;0;0;0;0;0;0;0;0;0;0;0;0;0;0;0;0;0;0;0;0;0;0;0;0;0;0;0;0;0;0;0;0;0;0;0;0;0;0;0;0;0;0;0;0;0.4548179772;0.3192021086;0.2259640445;0.1660240222;0.1585145131;0.1875073638;0.2333186359;0.2685496167;0.2795819167;0.2779871019;0.2603074709;0.2574850436;0.2569835571;0.254355522;0.2538712269;0.2286537409;0.197509389;0.159217586;0.1275570692;0.1172844818;0.1161596372;0.1218643296;0.1160266434;0.1015292814;0.0849251602;0.0830035727;0.087160104;0.0945942001;0.1057947181;0.095329811;0.0867751958;0.0743035811;0.0702014814;0.0733495559;0.0752637551;0.085879965;0.0845612815;0.0808580687;0.0775494234;0.0870180212;0.0908593894;0.1017965279;0.12408895;0.1221625841;0.1117898046;0.1006246099;0.0864251074;0.0765604258;0.0709335644;0.0698866524;0.0665399618;0.0670770813;0.0630601917;0.0661327078;0.0786148157;0.0882351395;0.0895782039;0.0811273788;0.0728590368;0.0486622391;0.0478929325;0.0491029456;0.0614409089;0.0714826828;0.0715282257;0.0698989637;0.0665865011;0.0731972742;0.0694707039;0.0829843018;0.0848836834;0.0778098089;0.0695360992;0.0595010106;0.0570573508;0.0614784209;0.0750783307;0.0885663599;0.091731609;0.0855994738;0.0729438634;0.0645721641;0.0622129913;0.068252205;0.0681601966;0.061799542;0.0563734271;0.0503488763;0.0489325842;0.0512904735;0.0569844852;0.0598665269;0.0609521736;0.0608883845;0.0627659807;0.0686398601;0.0769188996;0.0876354884;0.0895329347;0.0871743512;0.0795122372;0.0743880322;0.0740713597;0.0818436353;0.0902164587;0.0911888525;0.0884686721;0.0811202689;0.0754984933;0.0738261287;0.0789519528;0.0805333095;0.0799975011;0.0743669223;0.0678649365;0.0695129545;0.0800649552;0.0920031018
US Connecticut;3565287;12542;0.5922352905;0.0425506845;0.0684771315;0;;0;0;0;0;0;0;0;0;0;0;0;0;0;0;0;0;0;0;0;0;0;0;0;0;0;0;0;0;0;0;0;0;0;0;0;0;0;0;0;0;0;0;0;0;0;0;0;0;0;0;0;0;0;0;0;0;0;0;0.5922352905;0.5578669319;0.4778605392;0.4360097168;0.3758993876;0.4075619195;0.4234237582;0.4003488568;0.3368026398;0.2722348452;0.2582031023;0.2528794387;0.2434570622;0.2148485443;0.194055817;0.1684553421;0.1501042698;0.150786886;0.1460147614;0.1528139711;0.1508047768;0.1480294897;0.1378421872;0.1171653882;0.108989416;0.1013566138;0.0955999355;0.0918181036;0.0914082838;0.0875508358;0.076428958;0.0789643114;0.0813089749;0.0962938991;0.1101513647;0.11155569;0.1040646597;0.0796694067;0.0726437612;0.0581260997;0.0545027305;0.0537864148;0.0582057369;0.0618867593;0.0625237406;0.0662015629;0.0577404035;0.0629857905;0.0647119843;0.0727544434;0.0775827287;0.0792341455;0.076154471;0.0708645392;0.0626342419;0.0644398987;0.073300638;0.0757770377;0.0789961454;0.0824206089;0.0851875704;0.0801190968;0.0756096837;0.0674722168;0.0602232433;0.0569897622;0.0571599762;0.0591753936;0.0611320712;0.0563413004;0.0487028223;0.0431112001;0.0447081621;0.0519185167;0.0621452002;0.0723940921;0.0700635767;0.0628087652;0.0581459896;0.0589765333;0.0675310908;0.0719555447;0.0579934098;0.0505574795;0.046644743;0.0542310956;0.0630040705;0.0788963615;0.0774659195;0.0673302218;0.0551936557;0.0443757246;0.0460500256;0.0475883852;0.0512627095;0.0492534697;0.0471734731;0.0425506845;0.0436383171;0.0569458603;0.0672639984;0.0792510341;0.087470092;0.0873195093;0.0809717664;0.0769206601;0.0760663972;0.0710871618;0.0657909621;0.0712215825;0.0666729537;0.0648680607;0.0638288398;0.0684771315
US Delaware;973764;5047;0.2547365973;0.0419063917;0.0564933899;0.0071925387;;0;0;0;0;0;0;0;0;0;0;0;0;0;0;0;0;0;0;0;0;0;0;0;0;0;0;0;0;0;0;0;0;0;0;0;0;0;0;0;0;0;0;0;0;0;0;0;0;0;0;0;0;0;0;0;0;0;0;0;0;0;0.2421015078;0.235662957;0.2522532368;0.2547365973;0.2543038361;0.249704353;0.2309579474;0.2146159777;0.1988144938;0.1827007822;0.1667152101;0.1559743712;0.1646158891;0.1734333181;0.1924734897;0.2069791491;0.2031449695;0.189183443;0.1697679053;0.1600511555;0.1378945833;0.1170959431;0.1003524907;0.0943440485;0.0943071145;0.1033021868;0.1116510298;0.1061030698;0.101045201;0.093467508;0.1016773112;0.1049602931;0.1069028394;0.1003977314;0.0915781044;0.0931346965;0.1046839211;0.1183703059;0.1071974893;0.0946917146;0.0688165172;0.0615485659;0.0561344906;0.0576958836;0.0638544659;0.0684270307;0.0802157752;0.0852671526;0.0925281252;0.0840173248;0.0808084427;0.0767529368;0.0770345426;0.084313039;0.0871276455;0.0860266577;0.0761747591;0.0685565403;0.072573658;0.0744180991;0.0748564196;0.0751023055;0.0724506569;0.0681772378;0.0655341409;0.0616872091;0.0579334542;0.0479594574;0.0456646617;0.0485872845;0.05935999;0.0674735138;0.0663780555;0.0619929537;0.0481653451;0.0423205864;0.0419063917;0.0519188793;0.0625879922;0.0604749886;0.0564150459;0.0521585192;0.0603319412;0.0683719825;0.0752528656;0.079583473;0.0787333367;0.0766592767;0.0733834677;0.0800063972;0.0902976497;0.0936043738;0.091320792;0.0779395848;0.0630880737;0.061242913;0.0635785566;0.069100776;0.0810769134;0.0956292549;0.1023074103;0.0971250996;0.097605493;0.1035662244;0.1080558699;0.1004623985;0.0924833319;0.0830753601;0.0751500107;0.0644252035;0.0564933899
US District of Columbia;705749;158;0.3729819028;0.0472763921;0.0953304882;0.0053988644;;0;0;0;0;0;0;0;0;0;0;0;0;0;0;0;0;0;0;0;0;0;0;0;0;0;0;0;0;0;0;0;0;0;0;0;0;0;0;0;0;0;0;0;0;0;0;0;0;0;0;0;0;0;0;0;0;0.1808612863;0.216563085;0.320589356;0.3626153591;0.3729819028;0.33945483;0.2657941095;0.245767232;0.2334663357;0.2479854375;0.2405445291;0.2129063646;0.1817897174;0.1686594976;0.1751867721;0.1849845062;0.1931588121;0.1847800583;0.1742505966;0.1639275098;0.1516011561;0.1470628992;0.1409147098;0.1363829565;0.1288187368;0.1114866819;0.0963958247;0.082074758;0.0787484109;0.0774453588;0.0833415909;0.09382482;0.0983341716;0.0983683892;0.0961269341;0.0972482238;0.0924233938;0.0896372834;0.0901034055;0.0906869771;0.0861379686;0.0787536041;0.0680086369;0.0641849268;0.0733890492;0.0925581517;0.1085279419;0.1105362605;0.1037296145;0.0903864343;0.0797911942;0.0803380016;0.0836628288;0.0890802054;0.0860774692;0.0779818902;0.0653822271;0.056756009;0.0574602315;0.0598268119;0.0665494865;0.0691323036;0.069231313;0.0682890903;0.0731105416;0.0804748984;0.0864290388;0.0824318043;0.0726467055;0.0674658128;0.0629850032;0.0632254276;0.059557556;0.0567184277;0.0563866313;0.0621578076;0.0655836707;0.0596027414;0.0625963292;0.0632371161;0.068937363;0.0723537696;0.07128714;0.0646080677;0.0613742825;0.0622182475;0.0604033738;0.0650428832;0.0643553059;0.0608415541;0.0548407523;0.0520444202;0.0472763921;0.0479318863;0.0537443119;0.0604214287;0.0624061509;0.0640269339;0.0629705572;0.06288159;0.0650673674;0.0644698734;0.0646144113;0.0641241473;0.0654322981;0.0690469958;0.0749566389;0.0758158144;0.0736521397;0.0692469326;0.066702885;0.0667572996;0.0747393706;0.0855673748;0.0942104016;0.0953304882
US Florida;21477737;138887;0.4466059215;0.0589243865;0.0876855453;0.0424327568;;0;0;0;0;0;0;0;0;0;0;0;0;0;0;0;0;0;0;0;0;0;0;0;0;0;0;0;0;0;0;0;0;0;0;0;0;0;0;0;0;0;0;0;0;0;0;0;0;0;0;0.1788176521;0.2333853963;0.322503369;0.4044538435;0.4466059215;0.4305052818;0.4264927125;0.3924506996;0.3922694046;0.3797044202;0.3372905427;0.3196295857;0.2962125855;0.2890429355;0.2873825305;0.2695512046;0.2757958748;0.2680304751;0.2609001051;0.2467716804;0.2153205271;0.1953223733;0.1709199699;0.1661573569;0.1612336321;0.1587201555;0.145275685;0.1230637285;0.1064988518;0.0922354565;0.0857498057;0.0795066367;0.0796243815;0.0793401648;0.0771036742;0.0736556687;0.073583024;0.0749116771;0.0747995537;0.0786832899;0.0780521715;0.0737450179;0.067903729;0.0688592742;0.072331553;0.0757362915;0.0778780852;0.0725430773;0.0696646446;0.0589243865;0.0598713925;0.0645837416;0.0715610429;0.0762344498;0.0790214009;0.0774672401;0.0711266119;0.0740948841;0.0733961911;0.0725218678;0.0723951284;0.072625694;0.069405428;0.0715926151;0.0765446864;0.0807154403;0.084779623;0.0864279947;0.0867644083;0.0817555383;0.0779467698;0.0753754079;0.08063885;0.0822081139;0.0790787992;0.0786573845;0.071216678;0.0666567129;0.0640970219;0.0689148554;0.0783446138;0.0864951878;0.0835129081;0.0766818097;0.0793368255;0.0887875804;0.0989542218;0.1036743048;0.1030314686;0.093106756;0.0834873368;0.0806191147;0.0862512592;0.0942750334;0.1029641996;0.1071904941;0.1043319329;0.1026839432;0.1037367558;0.106529304;0.1118746249;0.1163827928;0.1142738556;0.107369478;0.0992796438;0.0974334129;0.1039458737;0.1181889451;0.1317557514;0.1376725414;0.1303384003;0.1146416181;0.0999786692;0.0966016025;0.1017330785;0.1085413555;0.1080128897;0.1005963973;0.0899203008;0.0821885391;0.0826092366;0.0876855453
US Georgia;10617423;148959;0.4252439898;0.0645838819;0.0927402355;0.0286842129;;0;0;0;0;0;0;0;0;0;0;0;0;0;0;0;0;0;0;0;0;0;0;0;0;0;0;0;0;0;0;0;0;0;0;0;0;0;0;0;0;0;0;0;0;0;0;0;0;0;0;0;0;0;0.4236638809;0.4252439898;0.4037695279;0.3552929712;0.3323985292;0.3440179278;0.3594617355;0.3607114919;0.3246687822;0.2850961389;0.267033561;0.2641384508;0.2711274905;0.2595670854;0.2411349982;0.2070265367;0.1913993589;0.1867076007;0.1972196165;0.207257396;0.1806031793;0.1443985145;0.1079806659;0.1080469969;0.1223523468;0.1397694066;0.1484107469;0.1328533363;0.1081432596;0.0846290853;0.0797485367;0.0809745293;0.0849734935;0.0905322291;0.0924809016;0.090154177;0.084300068;0.081419094;0.0803374064;0.0781070553;0.084364169;0.0821382017;0.0738926089;0.068336873;0.0663956767;0.067613867;0.0709218883;0.0829712124;0.0863628847;0.0899434832;0.0875163816;0.0798441082;0.0732123667;0.0697826033;0.0719602687;0.0764751713;0.0744864001;0.0719482009;0.0690756641;0.0714884961;0.0708996176;0.0755249676;0.0769775256;0.0741111375;0.0715718514;0.0645838819;0.0667516541;0.0714580433;0.0813081815;0.0860879724;0.0924630627;0.0897734056;0.0834615259;0.0746875267;0.0667902869;0.0664620253;0.0679555159;0.0701738966;0.0703553259;0.0704302552;0.0727010845;0.0744594863;0.079166646;0.0857611093;0.0880852484;0.0835930643;0.0759830707;0.0725285733;0.0740525063;0.0783084826;0.0829887761;0.0868441096;0.0870583881;0.0841036712;0.0784203247;0.0772089101;0.0774968428;0.0821893484;0.0900612996;0.0954635285;0.0954680802;0.0950045579;0.0986840476;0.1001776391;0.1039663512;0.1039414775;0.1023042871;0.1005551632;0.0984726876;0.0974731088;0.100811281;0.106188999;0.1034771087;0.0959940474;0.0856808329;0.079669511;0.0817319727;0.087409396;0.0927402355
US Guam;162742;543;0.250160204;0.0018392457;0.0451441148;0.0064516129;;0;0;0;0;0;0;0;0;0;0;0;0;0;0;0;0;0;0;0;0;0;0;0;0;0;0;0;0;0;0;0;0;0;0;0;0;0;0;0;0;0;0;0;0;0;0;0;0;0;0;0;0;0;0;0;0;0;0;0;0;0;0;0;0.250160204;0.1989009103;0.1732968517;0.1471967864;0.1363278448;0.1090734474;0.0895419257;0.0871668709;0.104483571;0.1140477238;0.1081628358;0.1198799588;0.116677253;0.1255737921;0.1208058257;0.1026776059;0.0783188877;0.0529257637;0.0429617158;0.0291965026;0.0220402425;0.0132293991;0.006523439;0.0018392457;0.0022424771;0.004194082;0.0043772228;0.0070590309;0.0101250579;0.0240076131;0.0698642887;0.1601116866;0.2132145074;0.2104479731;0.1626263842;0.1165981322;0.0710576131;0.0599900707;0.0532513731;0.0551914658;0.0584960749;0.0553104396;0.0449753766;0.0374219551;0.0529523574;0.0442127011;0.0435868877;0.0302929577;0.0239012856;0.0279381351;0.0359789576;0.0541950178;0.0799971842;0.1254666487;0.1320089219;0.1515820256;0.1571276567;0.1501500425;0.1243026711;0.0877241611;0.052112075;0.0334534671;0.0336676839;0.048548667;0.0619423745;0.0704033873;0.0760023446;0.0708908815;0.0648800323;0.0690762843;0.0819444579;0.0899034894;0.0880626916;0.0718689661;0.0507856465;0.0327390321;0.0243597796;0.029536005;0.0523017427;0.07519212;0.0892525223;0.0937627002;0.0871726549;0.0748804545;0.0649405185;0.0780858686;0.1063104769;0.1306643957;0.1855630421;0.2139821727;0.1852331575;0.1199113368;0.0831123885;0.0772992409;0.0978687617;0.0943334764;0.0725871221;0.0511547462;0.0420248358;0.0573728117;0.0793748135;0.1192876189;0.1108129331;0.09075857;0.0742095391;0.0657791514;0.0687038774;0.0590749385;0.0451441148
US Hawaii;1415872;16635;0.3839301441;-0.0142843269;0.1031087245;0.0247787611;;0;0;0;0;0;0;0;0;0;0;0;0;0;0;0;0;0;0;0;0;0;0;0;0;0;0;0;0;0;0;0;0;0;0;0;0;0;0;0;0;0;0;0;0;0;0;0;0;0;0;0;0;0;0;0;0;0;0;0;0;0;0.3839301441;0.3499153723;0.3029239607;0.2446448439;0.2024029037;0.1566123463;0.1421566063;0.1481694809;0.1700399199;0.1746295355;0.1648266176;0.1531053193;0.1462605429;0.1498795317;0.1371664638;0.12778318;0.1010992227;0.084110312;0.0716467247;0.0658148078;0.0653212062;0.0640261125;0.0623617137;0.0529166422;0.0530468232;0.0485805308;0.0518353858;0.0604904124;0.0672931047;0.0676533748;0.0618333126;0.0498658376;0.0352247475;0.0320679777;0.0393953207;0.0414239512;0.0379215783;0.0303173088;0.0295692699;0.0330520678;0.0435936265;0.0642670812;0.0634767731;0.0488153347;0.0323010291;0.0370683672;0.0523174696;0.0682404052;0.0706010035;0.067885699;0.0529040783;0.0516620052;0.0571936886;0.0750182194;0.0705814665;0.0573505762;0.0429420176;0.0407667706;0.0444282949;0.0517675858;0.065447303;0.0868876112;0.0730517498;0.0278332274;-0.010964732;-0.0142843269;-0.0104181812;0.0544560361;0.0781900686;0.1155491094;0.1453595369;0.1452088997;0.1223050498;0.0951976431;0.1046595516;0.0672997291;0.0981975444;0.140992565;0.1624100109;0.134036484;0.1059252724;0.0890294691;0.0892930828;0.1069447351;0.1309185227;0.1339063283;0.1209201338;0.0948200199;0.0723499907;0.0765230624;0.1025168499;0.1189861121;0.1177066111;0.0978571431;0.0673462731;0.0539638897;0.0644653929;0.081330554;0.0866953005;0.0892966709;0.0818155182;0.0745275012;0.072538172;0.0842963534;0.0931249262;0.1095774962;0.1096621955;0.0998053149;0.0961196079;0.0967830395;0.1031087245
US Idaho;1787065;214045;0.422303671;0.034294879;0.1073269842;0.0530335172;;0;0;0;0;0;0;0;0;0;0;0;0;0;0;0;0;0;0;0;0;0;0;0;0;0;0;0;0;0;0;0;0;0;0;0;0;0;0;0;0;0;0;0;0;0;0;0;0;0;0;0;0;0;0;0;0;0;0;0;0;0;0;0;0.2716977157;0.2652197672;0.3438077829;0.4123979601;0.422303671;0.3500798765;0.269586628;0.2363841743;0.2442737331;0.2773485013;0.2795404;0.2525388473;0.1950303204;0.1313039752;0.0835292083;0.0546250306;0.0514817661;0.0529704933;0.0556227145;0.0513839169;0.0432326377;0.034294879;0.0351052606;0.0550358699;0.081053541;0.0911774031;0.0767344272;0.0662721095;0.0516010446;0.0579972556;0.0755319772;0.0813860777;0.077281138;0.0648596471;0.0556318242;0.0460399624;0.0570932197;0.0639303973;0.0765445012;0.0767447191;0.0691795598;0.0703016991;0.0677838494;0.0682742518;0.0718177942;0.0751798824;0.0749881248;0.0717249218;0.0682568837;0.0650994145;0.0672204532;0.0742274912;0.0809478273;0.0879724676;0.0904313577;0.085013353;0.0751269743;0.0689136275;0.0656483786;0.0725248757;0.0854120936;0.0934447631;0.0913684411;0.0831040754;0.0743916563;0.0678891238;0.0737219576;0.0800695243;0.0818481239;0.0806945039;0.0775232641;0.0753625565;0.078180113;0.0918906862;0.1014891555;0.0995912356;0.0870739271;0.0693699105;0.0595707454;0.0596751472;0.0668129491;0.0748471612;0.0800477954;0.0795418971;0.0746521679;0.0798826391;0.0951696484;0.114200662;0.1262185834;0.1317831824;0.1285999542;0.1214268141;0.1152188631;0.1167275505;0.1230921391;0.1286646301;0.1244147199;0.1136703579;0.1041354612;0.1032060472;0.1039961519;0.1052981856;0.1041330512;0.1054656296;0.1051181498;0.1046786144;0.1055612976;0.1048616056;0.1073269842
US Illinois;12671821;143793;0.5948470159;0.0543547923;0.0829903762;0.0078156168;;0;0;0;0;0;0;0;0;0;0;0;0;0;0;0;0;0;0;0;0;0;0;0;0;0;0;0;0;0;0;0;0;0;0;0;0;0;0;0;0;0;0;0;0;0;0;0;0;0;0;0;0;0;0;0.3243050208;0.4168351672;0.5204027332;0.5797024006;0.5948470159;0.5405376188;0.4538829915;0.3750688408;0.317627822;0.2798004754;0.2585249313;0.249530555;0.2410718914;0.2452897342;0.2238698893;0.2102673169;0.1959949883;0.1775463775;0.1683714823;0.157081418;0.1550415419;0.1466909294;0.1350340118;0.1252778496;0.1209585122;0.1189623967;0.1173880683;0.1166600805;0.1082155992;0.1019843428;0.0964170651;0.0879254013;0.0863879505;0.0880440349;0.0900273664;0.0894773162;0.0858253776;0.0850379952;0.0866283068;0.0956383599;0.1048881094;0.1122701808;0.1110569839;0.1046366295;0.0993758038;0.0940543371;0.0965099567;0.0992920934;0.1005479729;0.0982938647;0.0937859861;0.0881362327;0.081161061;0.080725185;0.0807388521;0.0812928325;0.0769353696;0.0718050847;0.0696453655;0.0740856195;0.0814586651;0.0840329773;0.0846291231;0.0764001566;0.0720940102;0.0674097339;0.0680691395;0.072293052;0.0774379303;0.0793217655;0.0788593494;0.0794135901;0.0701394457;0.0620889379;0.0562883929;0.0548738411;0.0570657421;0.059807565;0.0585774646;0.058007899;0.0577678556;0.0592668662;0.0594882702;0.0621264101;0.0619219936;0.0631003475;0.0634472292;0.06202354;0.0592674408;0.0571476238;0.0552838751;0.0548984108;0.0569631717;0.0551312303;0.0543547923;0.057329383;0.0616481263;0.0670290312;0.0736705591;0.0729049662;0.0695612588;0.069473605;0.075243065;0.0822426821;0.0875658127;0.0848006549;0.0802915506;0.0754829794;0.0741432732;0.0772501975;0.0801118385;0.0813544638;0.0777014076;0.0714353527;0.0660296299;0.0664895468;0.0732004697;0.0829903762
US Indiana;6732219;92789;0.4917941548;0.0599325083;0.0798862735;0.0154870775;;0;0;0;0;0;0;0;0;0;0;0;0;0;0;0;0;0;0;0;0;0;0;0;0;0;0;0;0;0;0;0;0;0;0;0;0;0;0;0;0;0;0;0;0;0;0;0;0;0;0;0;0;0;0;0;0.2116015436;0.2434832849;0.2837973533;0.3242837276;0.3873824345;0.4591825628;0.4845506787;0.4917941548;0.4462305963;0.3937736319;0.3858094485;0.3736780793;0.3641122573;0.327701533;0.2755663728;0.234454148;0.2066483621;0.1942157385;0.1814452435;0.1679929248;0.1522242139;0.1417014927;0.1301707427;0.1204684471;0.1118690872;0.1034006893;0.098376816;0.0932533252;0.0868868199;0.0782727821;0.0727208107;0.0751174919;0.0840565388;0.0926569567;0.0961374289;0.0940968605;0.0867776822;0.0797783109;0.0797660461;0.0850530118;0.0939858927;0.0996950728;0.1024979156;0.1017502556;0.0992113457;0.0940622185;0.0904371499;0.0881272444;0.0866031401;0.0815081128;0.0757364917;0.0740199532;0.076036127;0.078071456;0.0759259462;0.0739556838;0.066984249;0.0627690396;0.0612566978;0.0634130312;0.0685232299;0.0739717988;0.0767545573;0.0760968233;0.0750225417;0.0743369995;0.0770715766;0.0804784411;0.078772792;0.0753956028;0.0698466958;0.0623414505;0.0610669528;0.0642830339;0.0719061088;0.0789378799;0.0800305295;0.0743853626;0.0667505534;0.0661748607;0.06710674;0.0716545958;0.0748656866;0.0726923363;0.06766864;0.063092661;0.0628434963;0.064974687;0.0708740595;0.0744306104;0.0735617944;0.0761785326;0.077745449;0.0747666695;0.0717264036;0.0697465727;0.0682417214;0.0662024464;0.0657962992;0.0603288766;0.0599325083;0.0656329141;0.0759319924;0.0857270064;0.090770361;0.0860395365;0.0764389526;0.0742951879;0.075199007;0.0799322333;0.0863770449;0.0883606571;0.0853285761;0.0767100817;0.0712788002;0.0723973992;0.0798862735
US Iowa;3155070;144669;0.3197294482;0.0528025639;0.0914162071;0.0195091808;;0;0;0;0;0;0;0;0;0;0;0;0;0;0;0;0;0;0;0;0;0;0;0;0;0;0;0;0;0;0;0;0;0;0;0;0;0;0;0;0;0;0;0;0;0;0;0;0;0;0;0;0;0;0;0;0.1001908367;0.1201687828;0.1525720491;0.1839566242;0.2442541544;0.2869630544;0.3165026272;0.3197294482;0.2795739071;0.2374045753;0.2225908269;0.235732386;0.2479115982;0.2527736902;0.2354587313;0.2097779365;0.1872207929;0.1622348291;0.1497136529;0.1392394465;0.1335276137;0.1286800346;0.121193868;0.1180737697;0.1200632033;0.1227642122;0.1183699621;0.1136085766;0.1099163164;0.105984358;0.1080065764;0.1099888675;0.1117709252;0.1203081143;0.1309827645;0.1497990242;0.1562255131;0.1467979832;0.1313249736;0.1212733607;0.1299029322;0.1381326548;0.1419640413;0.1287677577;0.1130755597;0.1051481883;0.105844222;0.1128654118;0.1158369799;0.113941796;0.0984126174;0.0819455951;0.0749584778;0.0747696779;0.0701979079;0.0634560611;0.0618999528;0.063174057;0.0680672323;0.0754475049;0.0776473359;0.0740159054;0.0698327919;0.0680080995;0.0666249386;0.0728995884;0.0781704661;0.0799565297;0.0808935622;0.0793711514;0.0786424829;0.0721894961;0.0725171519;0.0753744517;0.0761948799;0.0738235197;0.0714432126;0.0639340376;0.0590188258;0.0600988303;0.0669527405;0.0803118895;0.090438933;0.084945392;0.0749551862;0.0694506903;0.0686841105;0.0734707602;0.0806639157;0.0841747197;0.0792204799;0.0690537064;0.0528025639;0.0536449436;0.0609467067;0.0748843879;0.0822936834;0.0858301387;0.0796243505;0.0732071751;0.072428544;0.0821305992;0.091812364;0.0974661379;0.0927807191;0.0845408198;0.0758641211;0.0735970477;0.0814751371;0.0856243039;0.0909106079;0.083837869;0.0762338057;0.0677376417;0.071981522;0.0797146214;0.0914162071
US Kansas;2913314;211754;0.4165900602;0.0471771291;0.0856008172;0;;0;0;0;0;0;0;0;0;0;0;0;0;0;0;0;0;0;0;0;0;0;0;0;0;0;0;0;0;0;0;0;0;0;0;0;0;0;0;0;0;0;0;0;0;0;0;0;0;0;0;0;0;0;0;0;0;0;0;0;0;0.4165900602;0.3342349737;0.2749140361;0.2372422911;0.2512847702;0.2611027552;0.2755077272;0.2711620007;0.2546524198;0.2326230973;0.1995837917;0.1804387665;0.1607002615;0.1498024016;0.1393926334;0.1314806824;0.1210921477;0.1197197493;0.1209705221;0.1174894882;0.1155005507;0.1026227017;0.0937678607;0.0812006911;0.0731931413;0.0699565658;0.0741266375;0.0863916814;0.0941095043;0.0990421196;0.0933506464;0.0983975883;0.1061917437;0.126686613;0.156249313;0.1674058495;0.1571059096;0.1275675787;0.1024434303;0.0995165343;0.1098977237;0.1232433325;0.1223936086;0.1123736948;0.0966453283;0.0842272543;0.0850444495;0.090311568;0.0981495684;0.0973678561;0.0878858424;0.073369276;0.0611411373;0.0593911639;0.0587706958;0.061773733;0.0638473879;0.0617665374;0.05773149;0.0539551114;0.0548856443;0.0607781017;0.0685887238;0.0730386339;0.0693743172;0.0603040519;0.049736444;0.0471771291;0.0566675749;0.0703702224;0.0816883771;0.0833185832;0.075106181;0.0638156345;0.0613827468;0.066265881;0.0682990016;0.0698988112;0.0690997584;0.0650095276;0.0604157341;0.0635021177;0.070971078;0.0765098698;0.0825597542;0.0867906602;0.0875656947;0.0861521773;0.0869890368;0.0904126941;0.0945215469;0.0954337998;0.0905438975;0.0838317965;0.0826812594;0.089757916;0.0991142398;0.1046083174;0.1061469391;0.103376072;0.1001262874;0.0950201273;0.0915895152;0.0925768703;0.0964439927;0.0977575582;0.0927340199;0.0865532286;0.080175601;0.0787699031;0.0824460693;0.0856008172
US Kentucky;4467673;102269;0.3395806587;0.0499324841;0.0985662557;0.0241564006;;0;0;0;0;0;0;0;0;0;0;0;0;0;0;0;0;0;0;0;0;0;0;0;0;0;0;0;0;0;0;0;0;0;0;0;0;0;0;0;0;0;0;0;0;0;0;0;0;0;0;0;0;0;0;0;0;0;0.1984873499;0.2108076769;0.2411028371;0.3143289602;0.3395806587;0.3353358894;0.3130736946;0.2563151323;0.2486748041;0.2409826295;0.2619862049;0.2527874975;0.2250653432;0.2008141013;0.1760837779;0.1682802548;0.1583514504;0.1528742462;0.1286654703;0.1025124624;0.0935395928;0.1008804778;0.135535262;0.1647020987;0.1811357279;0.1583120742;0.1138821477;0.0910083135;0.0772917938;0.0822241891;0.0816829548;0.0806480194;0.084828806;0.0881698887;0.0964162849;0.0974175385;0.1020618173;0.0956272596;0.0936599214;0.099561183;0.0951463007;0.0873853499;0.0807060061;0.0774126669;0.0805757407;0.0816180002;0.0838371014;0.0736025141;0.0770227679;0.0902440004;0.1035181311;0.1131584783;0.0984325054;0.0845668821;0.0636826876;0.0632576099;0.0626133375;0.0672361149;0.073612134;0.0776647811;0.0800502329;0.0802033067;0.0906051886;0.0790715799;0.0635350213;0.0508439883;0.0499324841;0.0556991079;0.0653224423;0.0736889949;0.0785937833;0.0736079485;0.0681657545;0.0716450373;0.0871683545;0.108045395;0.112739695;0.1056094094;0.0969522346;0.0963732384;0.0958170398;0.0921995164;0.0783512147;0.0658212718;0.058401073;0.0545922095;0.0596858894;0.0652288688;0.0703616594;0.0659567343;0.0635718874;0.0641563772;0.0710382009;0.0845451815;0.0871627884;0.0807857388;0.0749183938;0.0727359486;0.0750378837;0.086596152;0.0944196463;0.0913027578;0.0807631959;0.0738817013;0.0702580569;0.0729813056;0.0803269892;0.0845185432;0.0865993769;0.0833100617;0.0855715311;0.0875212396;0.0926146545;0.0974406088;0.0985662557
US Louisiana;4648794;111898;0.4980830039;0.0407904311;0.1021215199;0.0290342462;;0;0;0;0;0;0;0;0;0;0;0;0;0;0;0;0;0;0;0;0;0;0;0;0;0;0;0;0;0;0;0;0;0;0;0;0;0;0;0;0;0;0;0;0;0;0;0;0;0;0;0;0;0;0;0;0;0.4980830039;0.4320985639;0.4375840872;0.4343955714;0.4097791728;0.3863527975;0.3495579933;0.3403774968;0.3167905764;0.2876598114;0.2636191901;0.2282546466;0.1955879941;0.1774924981;0.1777216124;0.2217832171;0.2534253305;0.2693246779;0.2448967355;0.1956033056;0.15635397;0.1209678393;0.1094612966;0.0912333159;0.0820306885;0.0673444691;0.0561566708;0.0490528456;0.0407904311;0.0416009953;0.0422088128;0.0496352831;0.050411385;0.0561196738;0.0593304828;0.0582380877;0.0621494495;0.065545604;0.0689992691;0.0679181694;0.0649373776;0.0600216779;0.0550353166;0.055839243;0.0630188416;0.0746994534;0.0835988041;0.08835298;0.0785503514;0.0712943904;0.0678637595;0.0685655249;0.0692981883;0.0680540022;0.0685948209;0.06420492;0.0623958308;0.0691675954;0.0879511134;0.1048819227;0.1003535483;0.0870668297;0.0717018793;0.0632363139;0.0670260979;0.0792511372;0.0972539999;0.0943955751;0.074807149;0.0615632332;0.0573441171;0.0683478884;0.0719817075;0.0716596833;0.0678242307;0.0685707257;0.0681790112;0.0689268764;0.081154483;0.0826523714;0.0799022274;0.0774516768;0.0805063215;0.0743611601;0.072480425;0.0732627187;0.0765279967;0.0821043414;0.0939355949;0.1017461334;0.1004584318;0.0907583394;0.0864922901;0.0738508355;0.0621386959;0.0513334252;0.0534838475;0.064324803;0.0814765202;0.0968022485;0.1027125644;0.1164397925;0.1122706258;0.1009448458;0.0912899999;0.0905091341;0.0921289336;0.0993155436;0.1074329289;0.1011597862;0.0886653008;0.079486117;0.0796055667;0.085737388;0.0967796018;0.1021215199
US Maine;1344212;79883;0.2421214794;0.0410411833;0.0526687415;0.0060017148;;0;0;0;0;0;0;0;0;0;0;0;0;0;0;0;0;0;0;0;0;0;0;0;0;0;0;0;0;0;0;0;0;0;0;0;0;0;0;0;0;0;0;0;0;0;0;0;0;0;0;0;0;0;0;0;0;0;0;0;0;0.2421214794;0.2040252024;0.2035202457;0.2012087069;0.1842391695;0.1536701862;0.1376450895;0.1364934909;0.1552325481;0.1698364662;0.1671973563;0.1489442576;0.1352250694;0.1316160046;0.1253905491;0.1099679133;0.0870374086;0.0735794833;0.0614542211;0.0595518918;0.0656451605;0.0703976549;0.0786875693;0.0893542065;0.1035907545;0.1100959138;0.1107910314;0.0991907899;0.0795944799;0.0698901549;0.0574911612;0.0481831746;0.0454437678;0.0524473469;0.0635960602;0.0716833672;0.0819993869;0.0785989533;0.070414515;0.0663044224;0.0748139766;0.0865579694;0.0979241608;0.0965190496;0.0912247329;0.0816395169;0.0825163873;0.0945700936;0.1100031488;0.1171633062;0.1034652768;0.0857068987;0.066587585;0.0649768381;0.0708127277;0.0807381807;0.0877941711;0.0873762464;0.0797864033;0.0737989758;0.0835855332;0.0960190363;0.1074566288;0.1112317326;0.1048862463;0.084534153;0.0688193337;0.059547729;0.0581910644;0.0644592271;0.0718007316;0.0725893875;0.0692139334;0.0657359515;0.0627813582;0.0638220606;0.0687767921;0.0737883469;0.0749710344;0.0730497036;0.0658151094;0.0605039682;0.0603582686;0.0699329093;0.0821196428;0.0849020788;0.0774559716;0.0656791764;0.0521428692;0.0533299739;0.0638060526;0.0762521132;0.0745979283;0.0651369184;0.0569142076;0.0583541486;0.0731614329;0.0884473082;0.1018122649;0.1026279998;0.0948440558;0.0833702964;0.0823779847;0.0812502209;0.0819211395;0.0787210693;0.0680958413;0.0540264989;0.0431481651;0.0410411833;0.0448652577;0.0526687415
US Maryland;6045680;25142;0.3878975464;0.0519770145;0.0836302637;0.0077457934;;0;0;0;0;0;0;0;0;0;0;0;0;0;0;0;0;0;0;0;0;0;0;0;0;0;0;0;0;0;0;0;0;0;0;0;0;0;0;0;0;0;0;0;0;0;0;0;0;0;0;0;0;0;0;0;0;0.3514125586;0.3611344646;0.3878975464;0.380384118;0.3491187324;0.3103090379;0.2724983152;0.2468844451;0.2389781154;0.2581993755;0.2848998198;0.305218135;0.2888627932;0.2569174021;0.2212220816;0.196543577;0.1906810125;0.1861303847;0.1827859967;0.1710693132;0.1541471457;0.1531940358;0.1555331126;0.1658082869;0.1692926324;0.1552456102;0.1365183639;0.1123927792;0.1006574733;0.0925654824;0.0898312685;0.0912836207;0.0916831104;0.0908930318;0.0849930066;0.0850297611;0.0831867074;0.0855323342;0.0941495191;0.0997978103;0.1055479885;0.1022279107;0.0924486813;0.0855381256;0.0847227945;0.0928361341;0.1002856783;0.1046717556;0.0958479712;0.085243886;0.0781488412;0.0796325345;0.0850754776;0.0869824303;0.0863651386;0.0792774713;0.0709313952;0.0655501333;0.0689810535;0.0732877175;0.078619644;0.0802333727;0.079589496;0.0826139969;0.0883081169;0.0900780122;0.0869268224;0.0828723881;0.0751169119;0.0708475554;0.0636649755;0.061738587;0.0648104535;0.0735920529;0.0799370221;0.0804067745;0.0781009141;0.0678741858;0.0657065661;0.0674935058;0.0718921567;0.0728988325;0.0681913503;0.0590796707;0.0519770145;0.0521162421;0.0573123315;0.0634025067;0.0659978298;0.0637099032;0.0609289547;0.0566920014;0.0576715312;0.0590762966;0.0603578003;0.0590817523;0.0583276663;0.0580459326;0.0609557558;0.0656838265;0.0674059513;0.0730740783;0.0735272536;0.0709895669;0.0719219353;0.0752983838;0.0746663827;0.0759084073;0.0812285365;0.0830889906;0.0797438603;0.0730343438;0.0682695027;0.0716524901;0.0785751102;0.0836302637
US Massachusetts;6892503;20202;0.4537033715;0.0309372998;0.0840249366;0.0025920259;;0;0;0;0;0;0;0;0;0;0;0;0;0;0;0;0;0;0;0;0;0;0;0;0;0;0;0;0;0;0;0;0;0;0;0;0;0;0;0;0;0;0;0;0;0;0;0;0;0;0;0;0;0;0;0;0;0;0.4218566325;0.3749791276;0.371248824;0.3722293079;0.3548977234;0.3532940327;0.3836019522;0.4196840087;0.4537033715;0.4403110098;0.3753073867;0.3079165194;0.2455566604;0.2027084733;0.1775400616;0.1678617871;0.1658044686;0.1542121935;0.1385888958;0.122294026;0.1145491377;0.1162594278;0.1241817625;0.1338970293;0.1355264855;0.1304872287;0.1200841425;0.1067698709;0.0966518428;0.0965622517;0.1011246157;0.1059088805;0.1048929549;0.0962565309;0.0850831305;0.0803032247;0.0832013713;0.0905286787;0.0986468992;0.0931914873;0.0813718274;0.0703630893;0.0673900439;0.0702416537;0.0746855611;0.0774848699;0.0748276903;0.0689135869;0.0618956996;0.0606297249;0.0649580758;0.0702600676;0.0720939931;0.0681131233;0.060421183;0.0539316818;0.0532805019;0.0601145442;0.0705097557;0.0789522981;0.0781009732;0.0736683761;0.0688960698;0.0670244961;0.066501243;0.0674339725;0.0654863364;0.0617720877;0.0578115691;0.0532014181;0.050885172;0.0494654397;0.0530359841;0.0591657682;0.0719119342;0.094265765;0.1157512977;0.1159243772;0.0893500166;0.0655942907;0.043753775;0.0438353832;0.0391957597;0.0332141827;0.0309372998;0.0325639158;0.0386613163;0.0427854503;0.0684464321;0.0586362472;0.0479714624;0.0462357398;0.0519883391;0.0624969489;0.0676472681;0.0643470741;0.0587746835;0.0546529047;0.0592563362;0.0643844415;0.072766886;0.0800672571;0.0815521226;0.0783266554;0.0684953124;0.062771587;0.0628448032;0.0719107456;0.0762176902;0.0740912558;0.0676793843;0.0637420662;0.0657428474;0.0734421895;0.0840249366
US Michigan;9986857;146435;0.4099317735;0.0338853981;0.0897852517;0.0090506705;;0;0;0;0;0;0;0;0;0;0;0;0;0;0;0;0;0;0;0;0;0;0;0;0;0;0;0;0;0;0;0;0;0;0;0;0;0;0;0;0;0;0;0;0;0;0;0.3951333506;0.3659235746;0.3691007459;0.3889250814;0.4099317735;0.4051268185;0.3817216554;0.3463381566;0.3146145901;0.3509177713;0.3780103872;0.3940586905;0.3713930414;0.2771265627;0.2054539061;0.1587576049;0.1448071295;0.1394578003;0.1344319096;0.1287492185;0.1202997427;0.1084210811;0.1017071056;0.1036662856;0.1048885155;0.1050586859;0.1039868427;0.0976407589;0.0859422996;0.0801690372;0.0757119092;0.0769853698;0.0782900103;0.0790614015;0.0764917064;0.0702468681;0.0678081788;0.0655718472;0.0680465664;0.0701534098;0.0728861931;0.0730769218;0.0689605761;0.0670242605;0.0666604954;0.0714557875;0.079746279;0.0872276487;0.0883521146;0.0808219779;0.0724368113;0.0662140319;0.0671286335;0.0720365335;0.0781195132;0.0786916798;0.0701877872;0.0616257246;0.0567368233;0.0585405798;0.064280654;0.0696806693;0.0684350812;0.0622181641;0.0597816837;0.0650756346;0.0820772847;0.1016601089;0.1062371486;0.0938546193;0.073482584;0.0569723093;0.0519446707;0.0552181032;0.0614394607;0.0662328383;0.0631105963;0.0534097844;0.0449312284;0.0438449715;0.045055989;0.0516358508;0.0624216798;0.0651425377;0.0614440862;0.0569863437;0.0580865957;0.061225284;0.0653082896;0.0702788503;0.0667299732;0.057595013;0.0456184572;0.0385243572;0.0338853981;0.0345938513;0.0432427587;0.0573640324;0.0713875363;0.0805159454;0.081691733;0.0753147537;0.0772619404;0.0895691384;0.0975233323;0.1080119427;0.1081452739;0.0968910543;0.0819607463;0.0810665086;0.0847904722;0.0911831198;0.0924530017;0.0840634357;0.076578051;0.0746871081;0.0791585173;0.0854815287;0.093680523;0.0921040358;0.0847542785;0.0771975092;0.0752304884;0.081739383;0.0875781511;0.0897852517
US Minnesota;5639632;206232;0.5168139383;0.0232630961;0.0895247355;0.0197218338;;0;0;0;0;0;0;0;0;0;0;0;0;0;0;0;0;0;0;0;0;0;0;0;0;0;0;0;0;0;0;0;0;0;0;0;0;0;0;0;0;0;0;0;0;0;0;0;0;0;0;0;0;0;0;0.5168139383;0.4474002608;0.3735080679;0.3009304655;0.2135367899;0.1356077806;0.0903402983;0.0754460541;0.0861175667;0.1035998977;0.1240441312;0.1374375764;0.14252312;0.1367735885;0.1313944122;0.13139006;0.1301781131;0.1298073598;0.1226029561;0.1093155028;0.0916805275;0.0838490344;0.0874197624;0.09737524;0.1089481879;0.1150735661;0.1096005537;0.0964615627;0.0914780533;0.092850545;0.1008370007;0.1144973616;0.1222396294;0.1210853283;0.1121908796;0.1075331925;0.108217666;0.1178331703;0.133291906;0.1499249093;0.1602394961;0.1565372828;0.1486310712;0.1408389948;0.1388081775;0.1403750099;0.1388823422;0.1273230782;0.1074538056;0.0935737085;0.0855994527;0.0878084473;0.095930602;0.1019685658;0.0992799899;0.0871947014;0.0773769083;0.0710433837;0.0752453406;0.085887277;0.0959584995;0.096298337;0.085940624;0.0794159528;0.07557716;0.0811309146;0.092625216;0.101359493;0.0984955039;0.0850589072;0.0732842382;0.0626174636;0.0599445616;0.0662849232;0.0746221615;0.0714868996;0.060231648;0.0504802638;0.0469587396;0.0531900276;0.0660952276;0.0762684074;0.0751674195;0.0643835412;0.0545454238;0.0533826711;0.060979626;0.0703214611;0.0733841245;0.0607536202;0.0386301636;0.0254811103;0.0232630961;0.0381009583;0.0621876501;0.0869857129;0.0990484864;0.1006486008;0.1091005486;0.1107902487;0.1038267385;0.091674034;0.0809691562;0.0787685193;0.0811389768;0.0854917393;0.083536104;0.0818657316;0.0789739245;0.0792755883;0.0798499392;0.078631521;0.0702957489;0.0654602888;0.0679575437;0.075432848;0.0841892526;0.0895247355
US Mississippi;2976149;121531;0.5917282357;0.0591805575;0.0848189267;0.0230200451;;0;0;0;0;0;0;0;0;0;0;0;0;0;0;0;0;0;0;0;0;0;0;0;0;0;0;0;0;0;0;0;0;0;0;0;0;0;0;0;0;0;0;0;0;0;0;0;0;0;0;0;0;0;0;0;0;0;0;0;0.5871682242;0.5917282357;0.5457186748;0.4763610955;0.3701075388;0.2935053252;0.2504255898;0.2258272496;0.2096992706;0.1803525053;0.1559607742;0.1384966862;0.1290195132;0.1307712836;0.1320092212;0.1341708659;0.1279199398;0.1205953524;0.112282771;0.1087593419;0.1129895221;0.1153702595;0.1193912617;0.1105314554;0.0998851115;0.0916231338;0.0930785063;0.1018556026;0.1046617001;0.1040441615;0.099135551;0.0976101665;0.0934398499;0.0931066832;0.0907399481;0.0897632053;0.0914616027;0.0903745227;0.0845163741;0.079939076;0.0788531845;0.0807318825;0.0859691522;0.0913722834;0.088113303;0.0822717051;0.0803340291;0.0820079085;0.0860019455;0.0904974645;0.0888585506;0.0824943297;0.0734685443;0.0642408507;0.0621164146;0.0717277109;0.0828469358;0.0863619638;0.0854197731;0.0787322036;0.0681572956;0.067524902;0.0757013285;0.0858755357;0.0914465661;0.0911165664;0.0853977298;0.0768118675;0.0752751627;0.0789219775;0.0874264704;0.0922926926;0.0903457047;0.0844234316;0.0758274797;0.0690118035;0.067173145;0.0648912051;0.0591805575;0.0599054209;0.0712994856;0.0863983567;0.0931760009;0.0944848261;0.087272956;0.0780703734;0.0705995257;0.0658468936;0.0687772223;0.0762570234;0.0827036872;0.0806902149;0.0808642146;0.080079144;0.0787333463;0.0850592887;0.0949323529;0.1092200722;0.1174347297;0.1118910122;0.095534826;0.0852299232;0.0817944192;0.086462839;0.0914271259;0.0964281414;0.0971285762;0.0890642687;0.0772166323;0.0680575859;0.0727996415;0.0781279719;0.0848189267
US Missouri;6137428;178040;0.6008418222;0.0464568451;0.102662145;0.0213430701;;0;0;0;0;0;0;0;0;0;0;0;0;0;0;0;0;0;0;0;0;0;0;0;0;0;0;0;0;0;0;0;0;0;0;0;0;0;0;0;0;0;0;0;0;0;0;0;0;0;0;0;0;0;0;0;0;0;0;0;0;0;0;0.6008418222;0.5517198685;0.5306659277;0.4548474004;0.3918956229;0.3216813438;0.2589949242;0.2140322222;0.1854292586;0.1829215019;0.1892044803;0.1789223337;0.1507619803;0.1253515906;0.1109463545;0.1103927773;0.11619247;0.1170260934;0.1104047772;0.0923934652;0.0803539807;0.0773386898;0.078281907;0.0815295751;0.0835471931;0.0806042471;0.0721030945;0.0696721914;0.0676854693;0.0647978618;0.063897688;0.0690489987;0.0785467628;0.0839725385;0.086410501;0.0834809424;0.0759303876;0.0672510001;0.0647536356;0.0723115567;0.0837090193;0.0953882438;0.1009552141;0.09997191;0.0906037239;0.0831995689;0.0770257707;0.0697656928;0.0664053195;0.0593866047;0.0503856105;0.0464568451;0.0494674325;0.0585197246;0.0676699033;0.0778519324;0.0768792641;0.0742508113;0.0754349161;0.0727286519;0.0772030012;0.0838806102;0.0884372585;0.0890179467;0.0860977792;0.080393609;0.0765688816;0.0756061807;0.0722928769;0.0725170505;0.0733581373;0.0774298201;0.0810271224;0.0864041934;0.0883812808;0.0878851375;0.0791102267;0.070423872;0.0673899322;0.0720251247;0.0761285031;0.0794435663;0.0784224778;0.0764183746;0.0749459152;0.074494247;0.0782858204;0.08141349;0.086948093;0.0920369743;0.0981834151;0.0966821916;0.0921103406;0.0887855644;0.0927573557;0.0996393068;0.1024241096;0.0939293413;0.0867582949;0.0829144418;0.0829656758;0.0820445737;0.0818008148;0.0806138134;0.0733840074;0.0712906276;0.0758303643;0.0873784103;0.0990853788;0.102662145
US Montana;1068778;376962;0.3241615792;0.0175865271;0.1167336047;0.0527306968;;0;0;0;0;0;0;0;0;0;0;0;0;0;0;0;0;0;0;0;0;0;0;0;0;0;0;0;0;0;0;0;0;0;0;0;0;0;0;0;0;0;0;0;0;0;0;0;0;0;0;0;0;0;0;0;0;0;0;0;0;0;0;0.3073288509;0.2901868197;0.265843587;0.2880044638;0.302364962;0.3241615792;0.2911243736;0.2269130634;0.1709783355;0.1284973387;0.1128944691;0.1040601363;0.1006640185;0.0930966168;0.0871348287;0.0788351908;0.0759097446;0.0774005288;0.0749838323;0.0732495898;0.0637144146;0.0544978476;0.0459291022;0.0422737863;0.0411541812;0.0453493355;0.0503700122;0.0487682185;0.0468506059;0.0384379558;0.0358823677;0.0333624702;0.0323544867;0.0361454831;0.0369126353;0.0373953311;0.036925365;0.0421284349;0.0447187333;0.0405795327;0.0474879728;0.0458056314;0.044028804;0.0362994037;0.0272758283;0.0238877751;0.0292571228;0.0417983478;0.0501731477;0.0558992188;0.0699091054;0.0917333821;0.112398668;0.1255505796;0.1362764389;0.1296322185;0.1010200706;0.0836737678;0.0978326955;0.1162033353;0.1108028089;0.0788655623;0.0471533994;0.0198278837;0.0175865271;0.0307002829;0.0599344555;0.0983834462;0.1353367302;0.1651049462;0.1647972457;0.1549227337;0.1078834641;0.0925813584;0.0891952641;0.077832981;0.0580576381;0.0489445477;0.0460774272;0.0570286397;0.0691691578;0.0813878507;0.1017617645;0.1178620517;0.122842003;0.1092203514;0.1066960212;0.1098986825;0.1136138598;0.1227052036;0.1237993479;0.1198401482;0.1021501669;0.0892180745;0.0876635826;0.0994598843;0.1030745691;0.0982286117;0.0951669431;0.1043592962;0.1208625363;0.1271388203;0.1315337258;0.1186992282;0.1054527019;0.0929013677;0.0899313009;0.0969894186;0.1067497615;0.1167336047
US Nebraska;1934408;198974;0.2405304056;0.0456648342;0.0770202459;0.0074673908;;0;0;0;0;0;0;0;0;0;0;0;0;0;0;0;0;0;0;0;0;0;0;0;0;0;0;0;0;0;0;0;0;0;0;0;0;0;0;0;0;0;0;0;0;0;0;0;0;0;0;0;0;0;0;0;0;0.1423119139;0.1310191414;0.1408288703;0.1511967951;0.173478094;0.1833347387;0.1692158339;0.150925847;0.1396146472;0.1493252902;0.1647655333;0.1826801475;0.1945321278;0.2053556309;0.2260029359;0.2405304056;0.2311777513;0.2130232814;0.1874499467;0.1692852834;0.1525746964;0.1462965342;0.1414705959;0.1387603088;0.1363370478;0.133304232;0.1306087629;0.1186223458;0.1040880507;0.0861989742;0.0823783437;0.0871164505;0.108510002;0.1298178915;0.1490255147;0.1618299389;0.1510993667;0.1392316372;0.1348147366;0.1507463462;0.1653128137;0.1710088448;0.1542997664;0.1288242826;0.1163995828;0.1185716321;0.1357915172;0.1490912059;0.1498610581;0.1272823395;0.1024472192;0.0871156683;0.0855708263;0.0895590333;0.0947791025;0.0878461061;0.0668004277;0.0542378862;0.0505743865;0.0592195353;0.0741106232;0.0839089104;0.0818724403;0.0739899416;0.0665658259;0.0654460053;0.0710557736;0.0787429771;0.0750876566;0.0729495896;0.0660164171;0.0661379525;0.0717257074;0.0795330207;0.0910191332;0.0886411952;0.0839331996;0.0748089724;0.0710711528;0.0702622838;0.0716567173;0.0738311174;0.0680973095;0.0595435338;0.0503553411;0.0456648342;0.0471919078;0.0583101939;0.0694885225;0.0726702843;0.0681882043;0.0623357627;0.0600192;0.0675118567;0.0789223666;0.0838314799;0.0789240754;0.0700909587;0.0630478378;0.0606032061;0.065241076;0.0688594043;0.0717782152;0.0762009593;0.0806386375;0.0810881287;0.0774529131;0.0731150126;0.0706634771;0.0736665339;0.0761913631;0.0762254322;0.0710979434;0.0673833279;0.069059569;0.0770202459
US Nevada;3080156;284332;0.4566857561;0.0599061016;0.0755343084;0.0358962483;;0;0;0;0;0;0;0;0;0;0;0;0;0;0;0;0;0;0;0;0;0;0;0;0;0;0;0;0;0;0;0;0;0;0;0;0;0;0;0;0;0;0;0;0;0;0;0;0;0;0;0;0;0;0;0;0;0;0.4566857561;0.3517552606;0.2950307112;0.256326242;0.2640963973;0.2773303869;0.2777847169;0.256199012;0.2385263915;0.2285166613;0.2327692504;0.2455023497;0.2350797864;0.2251409275;0.2075682928;0.1698688239;0.1433724526;0.1185119833;0.1084010802;0.0972497443;0.0901459576;0.0933599723;0.093274061;0.092609219;0.0852458488;0.083591046;0.0759380023;0.0766645858;0.0771679143;0.0748750157;0.0801087676;0.0803926087;0.0783101423;0.0723576465;0.0726139092;0.0711811873;0.077645164;0.0841674014;0.0883821355;0.0854439069;0.0747088379;0.0665865671;0.0619865714;0.0692958724;0.0775283513;0.0838404366;0.0826901965;0.0749307178;0.0678600025;0.0599061016;0.0645873249;0.0697131176;0.0747086985;0.0754998414;0.0735592673;0.069546649;0.0700442229;0.0782133577;0.0787263906;0.0790817757;0.0757932909;0.0790210759;0.0789665203;0.078779218;0.0813636155;0.0832506241;0.0933674986;0.0966641073;0.0961516686;0.0841360746;0.0744405901;0.0668924811;0.0674539515;0.0731107824;0.0714893587;0.0706949232;0.0691304167;0.0675890804;0.0714486077;0.0854798746;0.0908380246;0.0947948016;0.0954468002;0.0936925394;0.0901491147;0.0903931559;0.0939226474;0.0983292151;0.0965242751;0.0915483526;0.084952459;0.0830748171;0.0844528374;0.0891221013;0.0985858296;0.099686135;0.1006057616;0.0962562869;0.094976102;0.0965710304;0.1008496469;0.1105183529;0.1197338403;0.1286959406;0.1193144647;0.1062785854;0.0944387089;0.0938760388;0.095781609;0.0966246642;0.0921485242;0.0839628325;0.0757540964;0.071312722;0.0755343084
US New Hampshire;1359711;23187;0.3355263418;0.0441959377;0.0646919658;0.003013561;;0;0;0;0;0;0;0;0;0;0;0;0;0;0;0;0;0;0;0;0;0;0;0;0;0;0;0;0;0;0;0;0;0;0;0;0;0;0;0;0;0;0;0;0;0;0;0;0;0;0;0;0;0;0;0;0;0;0;0;0.3355263418;0.3162017207;0.2616544364;0.2348053235;0.2116621045;0.214595396;0.2027697619;0.1927500316;0.1930903765;0.2089493639;0.230662304;0.2424687816;0.2378143603;0.1874767255;0.1470706778;0.1191066253;0.1190986907;0.123188207;0.1196706861;0.1072926314;0.0883518489;0.0729086337;0.0640495181;0.0727700659;0.0783636461;0.0915322913;0.1010274092;0.1080124;0.1150904036;0.1084733275;0.0900485543;0.0730763114;0.0771612664;0.0815574999;0.0850708114;0.0862151234;0.0836553958;0.0815517575;0.0821527012;0.0911162017;0.0919745554;0.0923182079;0.0901984368;0.0966792788;0.1106450232;0.1230167197;0.1140417553;0.0900191387;0.070619372;0.0679736889;0.0724701812;0.0820006824;0.0845150984;0.0789165219;0.06784018;0.0615091441;0.0680191887;0.073914124;0.0818177153;0.0683694976;0.0566673412;0.0564735338;0.0707239395;0.0869266202;0.0957101758;0.1004566934;0.0833805094;0.0601357895;0.0501724996;0.0516992186;0.0628227315;0.0754044218;0.0821100915;0.0836003541;0.0787643834;0.0759591085;0.067928911;0.076970126;0.080563181;0.0837474177;0.0718243382;0.0539013157;0.0445024388;0.0441959377;0.0547060754;0.057457653;0.0625434462;0.0610747498;0.0587337434;0.0527147331;0.0525759164;0.0679708669;0.068242051;0.0667801513;0.0654931954;0.0579296323;0.0549452577;0.053794901;0.0658086376;0.0831160027;0.0912013125;0.0831736362;0.0708066417;0.0629613605;0.0532751453;0.0530481356;0.0571428551;0.0660247933;0.0668805239;0.0612269211;0.0576443399;0.0630783016;0.0646919658
US New Jersey;8882190;19047;0.6020813525;0.0470693102;0.0602103586;0.0018954578;;0;0;0;0;0;0;0;0;0;0;0;0;0;0;0;0;0;0;0;0;0;0;0;0;0;0;0;0;0;0;0;0;0;0;0;0;0;0;0;0;0;0;0;0;0;0;0;0;0;0;0;0;0;0.4610041809;0.5064277118;0.5174303195;0.5490131465;0.6020813525;0.5643641897;0.5343119233;0.4803338893;0.438917941;0.427716485;0.3915664997;0.3838521441;0.3525006952;0.3397622531;0.3256983594;0.29142089;0.2512798539;0.2145649146;0.1942642759;0.1776994971;0.171228521;0.1604777657;0.1513192034;0.1325317864;0.1142440958;0.1030717012;0.094794788;0.0917051479;0.0899761627;0.0890614403;0.0861916778;0.0830415056;0.081241704;0.0816233756;0.0819993005;0.0829672467;0.0817234379;0.0836540215;0.0827310732;0.084284405;0.0842188963;0.0815366297;0.0786652114;0.0740911435;0.0731756393;0.0674622315;0.0667060964;0.0638962048;0.0624882069;0.0658164441;0.0676561213;0.0686913301;0.0666184437;0.0638145584;0.0585415546;0.0567943029;0.0599043142;0.0586504945;0.0585427028;0.0545624916;0.0496589676;0.0475112712;0.0499621317;0.0571882482;0.0628731982;0.070938196;0.0731351919;0.0748674244;0.0751614754;0.0740898069;0.068346405;0.0644836228;0.05891915;0.0574237842;0.0575895958;0.0623303739;0.0659345507;0.0687706827;0.0709009781;0.0650166328;0.0598600095;0.055284531;0.0553800423;0.0535933817;0.0577589616;0.0573805012;0.0514140092;0.0470693102;0.0479652343;0.0547823458;0.0616210844;0.06542197;0.0628491377;0.0582670778;0.0542744763;0.05393914;0.0604484853;0.0684021674;0.0714871052;0.0708863122;0.0677031769;0.0664420854;0.0640958913;0.0622399266;0.0660389154;0.0701437767;0.0704283158;0.0681730459;0.063754341;0.0653595207;0.0730933648;0.0801190385;0.0849195916;0.0818537676;0.07819665;0.0686188648;0.0616942736;0.0592686223;0.0602103586
US New Mexico;2096829;314161;0.2641960881;0.0503556886;0.0846198794;0.0209108133;;0;0;0;0;0;0;0;0;0;0;0;0;0;0;0;0;0;0;0;0;0;0;0;0;0;0;0;0;0;0;0;0;0;0;0;0;0;0;0;0;0;0;0;0;0;0;0;0;0;0;0;0;0;0;0;0;0;0.2565212539;0.2641960881;0.2633232088;0.2404499354;0.2077809063;0.1849775028;0.1692835547;0.1710915268;0.1881420237;0.2169312101;0.2412575394;0.2518635525;0.2422174739;0.1990331681;0.157061564;0.1343310716;0.1454339207;0.1570367405;0.1645049046;0.16407986;0.1562081752;0.1487122698;0.1532687665;0.1638723237;0.159462596;0.1380694458;0.1031898916;0.0857958949;0.0750521524;0.0805920894;0.0875560421;0.0904454387;0.0911235047;0.088288058;0.0856700673;0.0853873134;0.1036654104;0.1104602193;0.1154261578;0.1112250767;0.1024320689;0.0879845066;0.0833304385;0.0933503481;0.105576739;0.1108158668;0.1025727229;0.0954833402;0.0871131872;0.0822209414;0.0825586625;0.0814967315;0.0853598448;0.0802997063;0.0743189119;0.0697878672;0.0728006077;0.0775881583;0.0779247104;0.081741147;0.0789915882;0.079869286;0.0745636154;0.0700915201;0.0691509562;0.0700314295;0.07447873;0.0762026745;0.0814949822;0.0781615626;0.0711808936;0.0655409869;0.0647187401;0.068981332;0.0699978224;0.0703011208;0.0679378905;0.0718836564;0.0810445802;0.0910514801;0.104127218;0.11019207;0.1002669993;0.0864778157;0.0697567014;0.0600275413;0.0650296187;0.070144966;0.0641031611;0.0554957316;0.0520501412;0.0503556886;0.0592117415;0.0701780304;0.0735549379;0.0832665258;0.0924283573;0.0846275999;0.0772717574;0.0820715473;0.0813425641;0.0908557591;0.0981184443;0.0988147943;0.0934626528;0.0866245102;0.0782275767;0.0757953495;0.0859293982;0.0907548962;0.0910558646;0.089683567;0.0849153778;0.0840895745;0.0846198794
US New York;19453561;122057;0.6002279423;0.0471280589;0.0720286135;0.0018236368;;0;0;0;0;0;0;0;0;0;0;0;0;0;0;0;0;0;0;0;0;0;0;0;0;0;0;0;0;0;0;0;0;0;0;0;0;0;0;0;0;0;0;0;0;0;0;0;0;0;0.4189131263;0.3484292596;0.3114660192;0.3169870028;0.3338678528;0.3308166326;0.3728570782;0.4147615088;0.4918432242;0.5801730784;0.5946182883;0.6002279423;0.5444259525;0.4623068901;0.3789808368;0.3050694853;0.2513336798;0.2174251761;0.1957569061;0.1776941132;0.1603699373;0.1432283769;0.1323597974;0.1271308819;0.1235993317;0.1214438052;0.1169053728;0.1085456199;0.0996227722;0.0946125396;0.0944122953;0.0968314946;0.0955253967;0.0899359457;0.0819741036;0.0751956605;0.0733170633;0.0765017941;0.0792994637;0.0762823849;0.0701007123;0.0613297344;0.0565916805;0.054903961;0.0583461726;0.0677830673;0.0785440585;0.0839693031;0.0800062621;0.0720144329;0.0616447436;0.055832433;0.057995744;0.0603962633;0.0598289065;0.054960244;0.049639183;0.0471280589;0.0492382272;0.0583351799;0.0630724287;0.0621822955;0.0567869064;0.0519892023;0.0512133963;0.0544333528;0.0632917503;0.0707379437;0.0722444204;0.0665649935;0.059938767;0.0573879674;0.0587981281;0.0638631094;0.0681656089;0.0676055268;0.0637923744;0.0591378045;0.0568435654;0.0593003322;0.0652731768;0.0701119301;0.0688661349;0.0648934916;0.0605109365;0.0610677815;0.0619526661;0.063594876;0.0648616488;0.0626574816;0.0587929915;0.0540363463;0.0527908995;0.0534133622;0.0573226588;0.0617088312;0.0642512724;0.066037592;0.0638857332;0.0615914609;0.0612478071;0.0652239644;0.0690519653;0.071111712;0.0702736374;0.0674209291;0.0651461646;0.0670751011;0.0726255545;0.0768227449;0.0767111738;0.0719139747;0.0647194262;0.0620268599;0.0676271376;0.0764554914;0.083342011;0.0813636386;0.0742844765;0.0668605779;0.0651729667;0.0679653647;0.0720286135
US North Carolina;10488084;125920;0.4380025035;0.0647155357;0.0821714869;0.0302713602;;0;0;0;0;0;0;0;0;0;0;0;0;0;0;0;0;0;0;0;0;0;0;0;0;0;0;0;0;0;0;0;0;0;0;0;0;0;0;0;0;0;0;0;0;0;0;0;0;0;0;0;0;0;0;0;0;0.2888125972;0.3032448881;0.3606682351;0.4170602233;0.4380025035;0.3876492805;0.3433791921;0.3071900579;0.2836539453;0.2734368458;0.2583256571;0.2365667593;0.2140403276;0.1975160499;0.1781089191;0.1676728529;0.1493010698;0.1448066704;0.1408789978;0.1372689967;0.1357478204;0.1247082379;0.1189101349;0.1085929846;0.1041141682;0.0982463302;0.1001202097;0.0987031984;0.0862438464;0.078971316;0.0742754416;0.0823599184;0.0903267681;0.0968729222;0.0984548639;0.0882287169;0.0802714335;0.0819001752;0.0940015955;0.1036688697;0.1082257608;0.0998802175;0.0871786077;0.0867393788;0.091087982;0.098148967;0.100137727;0.0914218564;0.0768441557;0.065690018;0.069979921;0.0809281008;0.0967169884;0.0975491352;0.0905724894;0.0813278324;0.0712943039;0.0719751165;0.0790691214;0.094473811;0.1024883527;0.1029686115;0.0984909887;0.090996012;0.0877672987;0.0850050784;0.0899808777;0.0965051318;0.0968012201;0.0910311991;0.0774043012;0.0674206774;0.0647155357;0.0791869317;0.0930175361;0.1035036577;0.1020083784;0.0897139515;0.0823302095;0.0837325225;0.09554626;0.1026150667;0.1045257776;0.0933687845;0.0809151626;0.0742356071;0.0769748201;0.088379907;0.0979043897;0.1004885234;0.0930519335;0.0815501681;0.0718875232;0.0713838585;0.0783235576;0.0863188349;0.0899317218;0.0834297658;0.0746249143;0.0699438074;0.0737965425;0.0797322598;0.0872485234;0.090785126;0.0870637459;0.0837067465;0.0809374554;0.083526103;0.0883350915;0.0904149216;0.0855096934;0.0773405613;0.0746439557;0.0713720686;0.0751911511;0.0821714869
US North Dakota;762062;178711;0.2456594088;0.0226954982;0.1026800044;0.0214251324;;0;0;0;0;0;0;0;0;0;0;0;0;0;0;0;0;0;0;0;0;0;0;0;0;0;0;0;0;0;0;0;0;0;0;0;0;0;0;0;0;0;0;0;0;0;0;0;0;0;0;0;0;0;0;0;0;0;0;0;0;0;0;0;0.130769716;0.1312932154;0.1596370673;0.2135523374;0.2456594088;0.2385383559;0.213822708;0.1793071384;0.163216178;0.1477781781;0.1374865534;0.1243470669;0.1117293402;0.1050312467;0.0984504146;0.0934676808;0.0861293102;0.081697705;0.0787879566;0.0795707997;0.0835891612;0.0885217342;0.0964553077;0.1065459067;0.1318008216;0.1641387164;0.1898606659;0.1833721079;0.149552242;0.1122961734;0.0837109299;0.0794615595;0.0856920883;0.0998829667;0.1067434289;0.1087511133;0.100228197;0.0872405889;0.0812740601;0.07583951;0.0749782472;0.0715088985;0.0713716361;0.0724711087;0.0767877521;0.0822272705;0.0841025216;0.0814931076;0.0727995655;0.071981598;0.0791706394;0.0914058841;0.1005411779;0.1032296758;0.0995923236;0.0908822124;0.0860944863;0.0905326062;0.1036342819;0.1146153333;0.1098522219;0.0906424286;0.0678207899;0.0443716193;0.0268673729;0.0226954982;0.0315611111;0.0425830556;0.0522289116;0.054528852;0.0588191432;0.069164091;0.075956507;0.0817211367;0.0937949678;0.1088448803;0.093179842;0.0789988056;0.0696798207;0.0664115125;0.0710572303;0.0744522283;0.0756564429;0.0662643352;0.059667378;0.0581330673;0.0619298198;0.0722358531;0.0755470793;0.0733689742;0.0685456407;0.0662689897;0.0644402019;0.0686074286;0.0754699094;0.0787246451;0.0823388119;0.0830386473;0.0882827572;0.0885256114;0.0881924763;0.0906783303;0.0968791589;0.096663078;0.0856148884;0.0803171734;0.0809547835;0.0907704725;0.1026800044
US Ohio;11689100;105829;0.401238644;0.0357536882;0.0872870591;0.0216049383;;0;0;0;0;0;0;0;0;0;0;0;0;0;0;0;0;0;0;0;0;0;0;0;0;0;0;0;0;0;0;0;0;0;0;0;0;0;0;0;0;0;0;0;0;0;0;0;0;0;0;0;0;0;0;0;0;0;0.3895232116;0.3603090691;0.3719809989;0.3941550561;0.401238644;0.38375683;0.3419470214;0.2968021781;0.2748863081;0.2637414713;0.2571846558;0.2428531001;0.2155317614;0.1895617608;0.1688488609;0.1591038193;0.1555588824;0.1481159146;0.1383101106;0.1241209893;0.1116192138;0.1022717652;0.0970989784;0.0950378295;0.0911463959;0.0892403627;0.0856063312;0.0851651189;0.0887815019;0.0989029269;0.1165254769;0.1355950242;0.1569027104;0.166827352;0.1589139545;0.1326745289;0.0991197525;0.0735990682;0.059176161;0.0479000911;0.038255809;0.0357536882;0.0458463317;0.0667190093;0.0868135311;0.101415311;0.1028166893;0.0929130025;0.0852712903;0.0822704969;0.0824069859;0.0853258539;0.0875422965;0.0795757557;0.0736043127;0.0738812589;0.0706096132;0.0709290006;0.073592114;0.0736145704;0.0729273592;0.0701775728;0.0683061444;0.0687886115;0.0751048378;0.08153196;0.0827519797;0.0836961532;0.0800602332;0.0748790381;0.0726791979;0.0708958814;0.0711554934;0.0715491814;0.0718241844;0.0699271229;0.0664422822;0.0649703668;0.0662251941;0.0686528558;0.0688507818;0.0679813186;0.0650258139;0.062124706;0.0622543917;0.0674439164;0.0713064447;0.0741073625;0.0744955177;0.0720965459;0.0724492764;0.0762272541;0.0830496373;0.090315369;0.093501845;0.0920651359;0.0903104241;0.0888590566;0.0888302066;0.090723379;0.0952028194;0.0964056671;0.0959144681;0.0910678149;0.0843220922;0.0838991088;0.0887252847;0.0930840246;0.092999178;0.0890237882;0.0810899208;0.0754731499;0.0766271222;0.0820697582;0.0872870591
US Oklahoma;3956971;177660;0.4057078589;0.0516818066;0.1039527602;0.0359836581;;0;0;0;0;0;0;0;0;0;0;0;0;0;0;0;0;0;0;0;0;0;0;0;0;0;0;0;0;0;0;0;0;0;0;0;0;0;0;0;0;0;0;0;0;0;0;0;0;0;0;0;0;0;0;0;0;0;0;0;0;0.32781358;0.2281026623;0.2070691547;0.2529090746;0.332541375;0.3921141969;0.4057078589;0.352036837;0.2648474451;0.1987113742;0.1757523956;0.1860713254;0.2005363494;0.2062239417;0.1880822564;0.1560845056;0.1279659222;0.1045219108;0.0976127374;0.0920629591;0.0899637055;0.0873962359;0.0780924422;0.0757073031;0.0743426209;0.0771784235;0.0776209815;0.0800981372;0.0779156987;0.0720300954;0.070627923;0.067365051;0.0763904364;0.0840108499;0.087839102;0.0852970798;0.0751088801;0.0676287961;0.0619470537;0.0676000183;0.080210107;0.0919888319;0.0953768614;0.0920421587;0.0900676264;0.0797256809;0.074862142;0.0752804062;0.0759355204;0.0759448122;0.0686050354;0.0657876143;0.0616555005;0.0693170603;0.0812024743;0.0884346606;0.0967579445;0.0925827246;0.0849764426;0.0750324931;0.0700885153;0.0700085876;0.078541294;0.0877767005;0.0830052791;0.075042175;0.0612734077;0.0521914963;0.0516818066;0.0558166422;0.0584423846;0.0635222624;0.0677086864;0.0718694589;0.0816419041;0.0922893002;0.0910139893;0.0814976972;0.0742428763;0.0749392735;0.0830075325;0.0885412563;0.0944864617;0.0996073822;0.1099753014;0.1103088712;0.1086955203;0.1049843924;0.104490224;0.110417502;0.1179281839;0.1218172496;0.116961305;0.1098343722;0.0973370323;0.091887001;0.0941414334;0.0948205471;0.0917744223;0.0829883741;0.0743252327;0.0723949903;0.0784002514;0.0849519665;0.0887206837;0.0955658278;0.0904024896;0.0878916946;0.0918166187;0.1001033264;0.1053038454;0.1039527602
US Oregon;4217737;248608;0.3072161565;0.0500326296;0.0793499682;0.0346603807;;0;0;0;0;0;0;0;0;0;0;0;0;0;0;0;0;0;0;0;0;0;0;0;0;0;0;0;0;0;0;0;0;0;0;0;0;0;0;0;0;0;0;0;0;0;0;0;0;0;0;0;0;0.1909120758;0.1952902143;0.1656467908;0.1350581801;0.171535627;0.2141296737;0.2726812238;0.3072161565;0.2904263084;0.2549720226;0.2078644688;0.198428921;0.1962714586;0.2137001467;0.2302260896;0.2268144335;0.2071329774;0.1745918603;0.1514679707;0.1321692852;0.1236595246;0.1188093525;0.1167645373;0.1103375138;0.1004072422;0.0875379441;0.0794085063;0.0739228895;0.0697714208;0.070974731;0.0748516536;0.086224549;0.0869851057;0.082979394;0.0746368366;0.068155366;0.0729836182;0.076210339;0.0767373979;0.0730395995;0.0741195796;0.0718854375;0.0718905831;0.084929653;0.0864283081;0.0829471466;0.0739191215;0.0715608066;0.0701193903;0.075103244;0.0809991888;0.0809364438;0.0806899905;0.0838516103;0.0897941773;0.0920886707;0.0948560585;0.0935716915;0.0902256845;0.0844839011;0.0772743161;0.0727467323;0.0704359278;0.0698557487;0.0672894115;0.0639709546;0.0591179409;0.0576069454;0.0595815892;0.0610610454;0.0633477384;0.0573549912;0.0543817856;0.0500326296;0.0533495951;0.0585968992;0.0719419062;0.0847000353;0.0849926642;0.0906445348;0.0890708485;0.092263179;0.0863200015;0.0887946559;0.0943293594;0.1021741422;0.1097430083;0.1119330122;0.1104020957;0.0976765196;0.0930482803;0.0962182256;0.1026486671;0.1027737785;0.0993543446;0.1006197881;0.103593059;0.0999162806;0.0940640719;0.0914340529;0.0879760125;0.0852938825;0.0806043842;0.0783303474;0.0766206603;0.0782255305;0.0832690892;0.0901722966;0.0942587354;0.0873147504;0.0826983751;0.0889437992;0.0987078885;0.1054418517;0.1021470199;0.0921655449;0.0791658728;0.0705203663;0.0723204804;0.0793499682
US Pennsylvania;12801989;115883;0.4118817926;0.0533471213;0.0879590143;0.0086603605;;0;0;0;0;0;0;0;0;0;0;0;0;0;0;0;0;0;0;0;0;0;0;0;0;0;0;0;0;0;0;0;0;0;0;0;0;0;0;0;0;0;0;0;0;0;0;0;0;0;0;0;0;0;0.4118817926;0.3887872955;0.3132886555;0.2926072874;0.2883431934;0.3347803845;0.3724209025;0.38854642;0.3842469157;0.3598340965;0.340432994;0.3501415777;0.3613940696;0.3612569761;0.3427495129;0.2981668583;0.2560626901;0.2249412724;0.2111068479;0.2069243333;0.2064464053;0.2024139478;0.1917506403;0.1746246711;0.1560225439;0.1445203598;0.1358465643;0.1291218846;0.1193285509;0.1058317963;0.0911880158;0.0788974651;0.072325991;0.0708042892;0.0749800245;0.0793521018;0.0814543307;0.0790331244;0.0743740583;0.0726187922;0.07512727;0.0808584548;0.0842586063;0.083312197;0.0779175002;0.0714973649;0.0687708831;0.0722178865;0.0773912524;0.0797708007;0.0764616808;0.0721877869;0.0653862284;0.0626832194;0.0649353107;0.0711132999;0.0770663102;0.0786992428;0.0767195599;0.0698717381;0.0642550337;0.0634671715;0.0667030626;0.071703247;0.0713494686;0.0685621403;0.06437847;0.0636109729;0.0671717177;0.072135513;0.0759297127;0.0728918742;0.0675905901;0.0611320658;0.0590241269;0.064002597;0.0738057588;0.0811018763;0.0820828621;0.0712063479;0.0633292964;0.057542303;0.0596235891;0.0619322068;0.0653172682;0.0650336039;0.063241719;0.0615060753;0.0596486382;0.0625071361;0.0601110717;0.0565322211;0.0533471213;0.0567078989;0.0587862255;0.06382944;0.0653429518;0.0742670228;0.0821857062;0.0853607869;0.0874390687;0.0863345939;0.0860506838;0.0822606057;0.0851348573;0.0856542774;0.0839171054;0.0809333593;0.0777345998;0.0777220868;0.0819343862;0.0854778709;0.0855610615;0.079944536;0.0735827342;0.0722896379;0.0785564107;0.0846232403;0.0879590143
US Puerto Rico;3193694;8868;0.3144128479;-0.0494718155;0.0841600633;0.0250629309;;0;0;0;0;0;0;0;0;0;0;0;0;0;0;0;0;0;0;0;0;0;0;0;0;0;0;0;0;0;0;0;0;0;0;0;0;0;0;0;0;0;0;0;0;0;0;0;0;0;0;0;0;0;0;0;0;0;0;0;0;0;0;0;0.2793390077;0.2854265234;0.2787788523;0.2797896621;0.2717539319;0.2799524047;0.3017601542;0.3144128479;0.2989146463;0.260661546;0.2170579959;0.1775113701;0.1531649706;0.1324395259;0.1139575572;0.1047985397;0.1003018329;0.1020207108;0.1050868698;0.1037513003;0.1031663397;0.0886628979;0.0730978761;0.0694899243;0.0730735362;0.0816212899;0.0858791604;0.091164815;0.0551836519;-0.0178570003;-0.0494718155;-0.0142580711;0.097053029;0.1513532607;0.1781361735;0.1094302517;0.0789403328;0.0878616813;0.110628781;0.1531960759;0.1702773449;0.1606717066;0.0778729965;0.0783378775;0.0805442035;0.0840151625;0.0873579698;0.0740945496;0.0599716248;0.0519607516;0.0536717434;0.0641548141;0.0888569536;0.0977642034;0.0942312464;0.0902172717;0.0835445696;0.0825332396;0.0906354325;0.086907067;0.0864887075;0.0876432356;0.0852965877;0.0794541003;0.0757619691;0.0816838043;0.0872810376;0.0931249668;0.0908323857;0.0840480905;0.0759808742;0.080526649;0.1078527014;0.1335082004;0.1458150801;0.1311060851;0.1034641092;0.0716505719;0.0642764361;0.0604115012;0.062507976;0.0654770416;0.067773905;0.0632397414;0.0562947421;0.0562495062;0.0509092234;0.0645365717;0.0773419707;0.0863617057;0.0865937272;0.0772264639;0.0688708813;0.066785173;0.0694112796;0.0705622298;0.0719595642;0.0750881723;0.0796928709;0.0838753204;0.0776434252;0.0772711891;0.0711583171;0.0767112836;0.1081174098;0.1394129217;0.1339279996;0.100545151;0.0841600633
US Rhode Island;1059361;2678;0.3241915905;0.0476103731;0.0658627546;0;;0;0;0;0;0;0;0;0;0;0;0;0;0;0;0;0;0;0;0;0;0;0;0;0;0;0;0;0;0;0;0;0;0;0;0;0;0;0;0;0;0;0;0;0;0;0;0;0;0;0;0;0;0;0;0;0;0.1859412341;0.2516906577;0.3190903793;0.3241915905;0.2989306609;0.2513301889;0.2224497771;0.204292866;0.1960574104;0.1955349497;0.2005994599;0.2225231984;0.2369713001;0.2470339473;0.2373460583;0.2084468946;0.1774721419;0.1576635193;0.1579935917;0.1690335495;0.1829526677;0.1958099187;0.1976270126;0.1941632156;0.1852678287;0.1753865604;0.155189077;0.1306064882;0.111854433;0.1001969773;0.100244255;0.1011331052;0.1009948141;0.0970039777;0.096167991;0.0973113493;0.1005708134;0.1047060009;0.1027228901;0.0975426717;0.0862193269;0.0758213684;0.0697008993;0.0710122038;0.0755456621;0.0771152127;0.0744288865;0.0675681569;0.0630372119;0.0654896528;0.0728339986;0.0802106089;0.080905841;0.0764349259;0.0699054426;0.0652532966;0.0632046908;0.0637977434;0.0656736035;0.0680549759;0.0692402785;0.0686342931;0.0655514602;0.0636527841;0.064584464;0.0666873355;0.0709372031;0.0683657139;0.0599307805;0.0524879439;0.049346449;0.052492949;0.0613208213;0.0703638468;0.0719522384;0.0669762823;0.0632388816;0.0610405079;0.0614531696;0.0678281375;0.0699134281;0.0662882128;0.05760721;0.0510254781;0.0476103731;0.0516544312;0.0634962688;0.0704700629;0.0689255846;0.0624925662;0.0565923254;0.0563781119;0.0602762778;0.0656671305;0.0686210928;0.0645854993;0.0584115119;0.0561022914;0.061944919;0.0709407415;0.0769775776;0.0767687184;0.0707608858;0.0651937801;0.0580284851;0.0558168308;0.0614110549;0.0716658278;0.0739742339;0.0652273522;0.0579129661;0.0577297133;0.0620339061;0.0660657133;0.0665067144;0.0658627546
US South Carolina;5148714;77857;0.4270078439;0.0558490715;0.0793559881;0.043495679;;0;0;0;0;0;0;0;0;0;0;0;0;0;0;0;0;0;0;0;0;0;0;0;0;0;0;0;0;0;0;0;0;0;0;0;0;0;0;0;0;0;0;0;0;0;0;0;0;0;0;0;0;0;0;0;0;0.3697382502;0.3939938891;0.3748460826;0.4008949092;0.3772045827;0.4191690908;0.4270078439;0.3825334014;0.3117509826;0.2140422167;0.1534800706;0.1405337143;0.1637943578;0.19814788;0.2301841848;0.2239643813;0.2058250857;0.184234524;0.1617972521;0.1392672794;0.1170647518;0.101328245;0.0957899781;0.0945575475;0.0943807645;0.0968227266;0.0881314893;0.0751198142;0.0634558032;0.059151529;0.0605914387;0.0694395396;0.0791532414;0.0875715385;0.0839639651;0.0702023914;0.068883384;0.0797740706;0.0933628527;0.0973670337;0.0958168888;0.0833717966;0.0743601559;0.0707728379;0.0766828163;0.0906459424;0.0957985359;0.0882893541;0.0709277952;0.0633531297;0.0567033316;0.0560597346;0.0654486269;0.0813945935;0.0904925098;0.0879286131;0.0849543688;0.0785283306;0.0696367939;0.0775025372;0.0844815441;0.0872961063;0.0835807626;0.0769122816;0.0615146487;0.0558490715;0.0720331129;0.092687638;0.1059593971;0.0998175093;0.087666339;0.074927971;0.0780864016;0.0848226893;0.0953015753;0.1022231154;0.1056133483;0.1004461951;0.0875289837;0.0888685485;0.0902364906;0.0974619662;0.0989977892;0.1004124064;0.0980440506;0.0959179867;0.0998724666;0.1056815496;0.1130904146;0.1152616211;0.1103810657;0.099510507;0.090593281;0.0895339729;0.095683338;0.1037269994;0.1071904944;0.1036798272;0.0971880993;0.0947441831;0.0954335167;0.0992863609;0.1028584876;0.103842411;0.1015505896;0.0987459201;0.0985230984;0.0989566794;0.100373227;0.099354911;0.0950595935;0.0878636934;0.0799416541;0.0738848445;0.0732669444;0.0793559881
US South Dakota;884659;196350;0.2685169372;0.0409341118;0.0893969437;0.0071611944;;0;0;0;0;0;0;0;0;0;0;0;0;0;0;0;0;0;0;0;0;0;0;0;0;0;0;0;0;0;0;0;0;0;0;0;0;0;0;0;0;0;0;0;0;0;0;0;0;0;0;0;0;0;0;0;0;0;0;0;0;0.1292357583;0.1719567062;0.1996556765;0.2520247056;0.2685169372;0.2546895303;0.2488772665;0.2412737495;0.2439221948;0.2208190788;0.2028578505;0.1823691004;0.1809225279;0.1874001835;0.1891392921;0.1825478548;0.1680467759;0.1721835641;0.1791919088;0.188094962;0.1948160292;0.1967852575;0.1999787509;0.1918217726;0.1920780529;0.1870154135;0.1729345676;0.1544034522;0.1287373011;0.1064027793;0.0840674177;0.0707443063;0.0643384768;0.0644458882;0.069032765;0.0721435707;0.0709792727;0.0646112394;0.0603244753;0.0593773046;0.0612267934;0.0693878582;0.0742717997;0.0688504303;0.0624010668;0.0587150481;0.0633289954;0.0813878033;0.1134215419;0.1436687299;0.1526316544;0.1398729547;0.1074634692;0.0763905089;0.0583217532;0.0548644417;0.0535380308;0.0507311107;0.0441559896;0.0409341118;0.0443855699;0.0593025574;0.0813159662;0.0943371672;0.10088784;0.0909889201;0.0786321169;0.0673297542;0.0672453704;0.0717539262;0.0756422154;0.0718023585;0.0638900321;0.0567855206;0.0573859438;0.0656705455;0.0772931293;0.0817440688;0.0783868597;0.0741684089;0.0685878926;0.0705462898;0.0727800486;0.0806644214;0.0842435818;0.0839818586;0.0748927841;0.0685129061;0.0652069316;0.0642218449;0.0703323963;0.0740397727;0.0727054867;0.067935109;0.0637484122;0.0601400496;0.0632134061;0.0721539799;0.0819135797;0.0841896709;0.0782924202;0.0736423036;0.0701632368;0.0707257292;0.0790175466;0.0854220898;0.0783556118;0.0669579925;0.0636219863;0.0674549446;0.0778556784;0.0893969437
US Tennessee;6829174;106798;0.4945851074;0.0457201998;0.0934826735;0.0245188594;;0;0;0;0;0;0;0;0;0;0;0;0;0;0;0;0;0;0;0;0;0;0;0;0;0;0;0;0;0;0;0;0;0;0;0;0;0;0;0;0;0;0;0;0;0;0;0;0;0;0;0;0;0;0;0;0.3052654727;0.3087985877;0.355244821;0.4072966854;0.465073924;0.4945851074;0.4657918483;0.3931858233;0.291665958;0.2193939441;0.1894958252;0.1902150466;0.1927279813;0.190128028;0.1808095879;0.1826138249;0.1821172119;0.1730438362;0.1493302636;0.120307002;0.1011630715;0.0920458951;0.0906788341;0.0881804959;0.0869012843;0.0820048363;0.0784873153;0.0759323044;0.0786098158;0.0829445518;0.080824433;0.0793508309;0.0793455114;0.0805673958;0.0796243836;0.0789232533;0.0780316529;0.0813736695;0.0947276318;0.1082947674;0.1165063347;0.1194823046;0.1074224814;0.0907036938;0.0741699586;0.0780242233;0.0956995196;0.120910934;0.1297147231;0.113487472;0.0902778614;0.0616091914;0.0477750132;0.0457201998;0.0498707957;0.0573395543;0.0629158843;0.0714367867;0.0758365396;0.0842079135;0.0836101199;0.0757246752;0.0704601419;0.0712459695;0.0762615157;0.077374415;0.0758043305;0.0776857246;0.076066013;0.0825076644;0.0888964936;0.0852979348;0.0824151128;0.0785790923;0.0777456795;0.0756861499;0.083490187;0.0886454689;0.0922201052;0.0968658316;0.0923430852;0.0820188211;0.073938563;0.0708545683;0.073206601;0.0772726138;0.080376987;0.0800815312;0.080212064;0.0785867805;0.0821686844;0.0927714738;0.0965558628;0.0892001814;0.0836206414;0.0840110371;0.0863678218;0.0858013797;0.0812967348;0.075966638;0.0752671924;0.0845571365;0.0910886013;0.0989523938;0.0992772822;0.0962887408;0.0945112937;0.0981199601;0.1097457321;0.1115935485;0.1092557486;0.0994153387;0.0856626874;0.078361644;0.0790936675;0.0893199064;0.0934826735
US Texas;28995881;676587;0.4864685843;0.0581798047;0.1033825761;0.0431092286;;0;0;0;0;0;0;0;0;0;0;0;0;0;0;0;0;0;0;0;0;0;0;0;0;0;0;0;0;0;0;0;0;0;0;0;0;0;0;0;0;0;0;0;0;0;0;0;0;0;0;0;0;0.3404561136;0.3347463934;0.302393584;0.2117449004;0.1630749568;0.1911762406;0.2720429774;0.3897550798;0.4340923607;0.3719616769;0.2798582343;0.2890738681;0.3579082117;0.4364713705;0.4864685843;0.3907045061;0.2864679092;0.2108190657;0.1867785063;0.1769168102;0.1759327572;0.1754016369;0.1664535916;0.1477903157;0.1306166382;0.128277884;0.1289708787;0.1354018433;0.1366600862;0.1350415819;0.1190854158;0.0988425758;0.0850679727;0.0755847093;0.0780043071;0.0829479166;0.0860749984;0.0801129822;0.0743798469;0.0703169693;0.070249161;0.0783566553;0.0847820907;0.0897813692;0.0869192786;0.0837414316;0.081051474;0.0814242405;0.0847353889;0.0908931076;0.0959797216;0.0954896284;0.0915827913;0.0857590649;0.0817470241;0.0806641595;0.0831808703;0.0859362422;0.0849080993;0.0828235512;0.080992978;0.0819853039;0.0861313781;0.0922382829;0.0947327792;0.0903352476;0.0822815455;0.0746543957;0.0722211814;0.0724929828;0.0747663166;0.0725397135;0.0677663755;0.0613500884;0.0581798047;0.0614040558;0.072820292;0.0892549973;0.0946457685;0.0956997219;0.0920029562;0.088337457;0.0874567266;0.0909837279;0.0921112148;0.0941190672;0.0880479248;0.0777992388;0.0722905676;0.0760314547;0.0830711595;0.0899937813;0.0960551964;0.0905543933;0.0865187246;0.0898997523;0.0986662252;0.1077068915;0.1125914799;0.1137450895;0.1072534771;0.1043688913;0.1041680646;0.1062109448;0.1096097939;0.1113470176;0.1084889374;0.0995115789;0.0946031031;0.0912100129;0.0940306853;0.0992984523;0.1034168669;0.1017313121;0.0915142736;0.082677259;0.0806873525;0.0881387143;0.0969228126;0.1033825761
US Utah;3205958;212818;0.3173777035;0.0612401075;0.0881426569;0.0223930837;;0;0;0;0;0;0;0;0;0;0;0;0;0;0;0;0;0;0;0;0;0;0;0;0;0;0;0;0;0;0;0;0;0;0;0;0;0;0;0;0;0;0;0;0;0;0;0;0;0;0;0;0;0;0;0;0;0;0;0.3173777035;0.2913828974;0.2956548725;0.3161602927;0.3084953096;0.2914097945;0.2524030676;0.2120552981;0.1967757674;0.1963592143;0.2037224895;0.1950601063;0.1726894667;0.1439513706;0.1304821522;0.1287541854;0.1369273922;0.1438597696;0.1301837933;0.1087519619;0.0849408569;0.0766137936;0.0795694526;0.0855860857;0.0825486354;0.0719639808;0.0644331064;0.0612401075;0.0714296773;0.0864466761;0.0992969468;0.1003174617;0.0953187604;0.0921247808;0.0912273057;0.0933583366;0.097831236;0.1010777864;0.0998423164;0.0908350098;0.0831044291;0.0781091153;0.0780827173;0.0810891028;0.0853565996;0.0871804293;0.0837320466;0.0806359993;0.0772997518;0.0758165386;0.0769720816;0.0822978924;0.0832456183;0.0776989264;0.0707566525;0.0658973666;0.0672795444;0.0725444575;0.0788512821;0.0823105594;0.0805028726;0.0800615247;0.0786779419;0.082025745;0.0857622627;0.0878762012;0.0856251598;0.0765625158;0.0696615097;0.0624739335;0.0655764916;0.0802075751;0.0979014244;0.107618556;0.1053336951;0.0973901769;0.0904714255;0.093280669;0.1025796491;0.1122729254;0.1140479311;0.1023107651;0.0850915831;0.0747439653;0.0736460403;0.0791217652;0.0832738742;0.0832627551;0.0796828773;0.0762998593;0.0770760103;0.0837033098;0.096644776;0.1041860182;0.1045596185;0.0969258066;0.0873086952;0.0821860811;0.0819319204;0.0884362086;0.091794492;0.0902162868;0.0851452707;0.0807308432;0.0784239562;0.0787630482;0.0815178574;0.0815338301;0.0805115538;0.0768717072;0.0745030165;0.0766249689;0.081925165;0.0881426569
US Vermont;623989;23871;0.3676610534;0.0192524656;0.079676917;0.0046985121;;0;0;0;0;0;0;0;0;0;0;0;0;0;0;0;0;0;0;0;0;0;0;0;0;0;0;0;0;0;0;0;0;0;0;0;0;0;0;0;0;0;0;0;0;0;0;0;0;0;0;0;0;0;0;0;0;0;0;0;0.2784948909;0.3265883221;0.3676610534;0.3579764893;0.3419271684;0.3003180886;0.2674681741;0.2179488021;0.1728250846;0.1444813497;0.1245035695;0.1206799787;0.1190112381;0.1268548155;0.1323353033;0.136439743;0.1337972143;0.1171743323;0.0995050129;0.0836308609;0.0793075902;0.0785741985;0.0748137297;0.0656152149;0.0526799427;0.0388908641;0.030835648;0.03194032;0.0353525366;0.0386129136;0.0382971076;0.0359599034;0.030729291;0.0336439266;0.0380422601;0.0460267261;0.0599727788;0.0643148459;0.0661659546;0.0614204199;0.0579411855;0.0627393059;0.0816739354;0.0919209167;0.0936349083;0.0906366313;0.0707283825;0.0588850756;0.0506284075;0.0503756388;0.0489848869;0.0524294414;0.0446488391;0.0341019128;0.0314209779;0.024034531;0.0392407679;0.0575113631;0.0797509633;0.0887894686;0.0866344801;0.0741742034;0.059259592;0.071956956;0.0682970678;0.0674028543;0.0777706416;0.090693458;0.0982890513;0.0941518591;0.0933188363;0.0712550105;0.062520151;0.0641856152;0.0701747216;0.080968279;0.1172146827;0.1389729653;0.1436420465;0.1394144316;0.1333430058;0.1084060862;0.0977784235;0.084047187;0.0766854182;0.0684707777;0.053260002;0.0366253454;0.0209750439;0.0192524656;0.0209058999;0.0333918206;0.0539634565;0.0704564603;0.0814742964;0.0817582864;0.0939244391;0.1124017844;0.11689964;0.1006131808;0.0751714723;0.0496489893;0.0398775404;0.0424015297;0.0582346237;0.0764164887;0.0909321544;0.0888416856;0.0761901015;0.0702758062;0.0618495003;0.071951642;0.079676917
US Virgin Islands;104425;350;0;0;0;;;0;0;0;0;0;0;0;0;0;0;0;0;0;0;0;0;0;0;0;0;0;0;0;0;0;0;0;0;0;0;0;0;0;0;0;0;0;0;0;0;0;0;0;0;0;0;0;0;0;0;0;0;0;0;0;0;0;0;0;0;0;0;0;0;0;0;0;0;0;0;0;0;0;0;0;0;0;0;0;0;0;0;0;0;0;0;0;0;0;0;0;0;0;0;0;0;0;0;0;0;0;0;0;0;0;0;0;0;0;0;0;0;0;0;0;0;0;0;0;0;0;0;0;0;0;0;0;0;0;0;0;0;0;0;0;0;0;0;0;0;0;0;0;0;0;0;0;0;0;0;0;0;0;0;0;0;0;0;0;0;0;0;0;0;0;0;0;0;0;0;0;0
US Virgin Islands;104425;350;0.1868848527;0.0164311884;0.1591321804;0.091503268;;0;0;0;0;0;0;0;0;0;0;0;0;0;0;0;0;0;0;0;0;0;0;0;0;0;0;0;0;0;0;0;0;0;0;0;0;0;0;0;0;0;0;0;0;0;0;0;0;0;0;0;0;0;0;0;0;0;0;0;0;0;0;0;0;0;0;0.0664482441;0.0507639578;0.0885440732;0.1166947643;0.1260031246;0.1173501117;0.0896149593;0.0848979589;0.0906059784;0.1128212765;0.0961095771;0.0737830785;0.0499870659;0.0493056056;0.0583757834;0.0659716036;0.0794380273;0.0583693652;0.0369373267;0.0181687225;0.0197937049;0.0224015194;0.0260703892;0.028474538;0.0316016192;0.0346799318;0.0369925995;0.0625239594;0.0688713506;0.0736212306;0.098792738;0.1351774473;0.1590123926;0.151366498;0.1585017456;0.1484014606;0.1190120671;0.0765407337;0.0435287537;0.0191160565;0.0191151277;0.0191142057;0.0203876657;0.0265350839;0.034073731;0.038171912;0.0356459564;0.0503227035;0.0280928627;0.0164311884;0.0177398392;0.0192749882;0.0211010086;0.0233092171;0.0260336317;0.0294792165;0.0417621587;0.0715921656;0.0715920636;0.0715919553;0.0715918518;0.0715917422;0.0715916376;0.0715915271;0.0715914219;0.071591322;0.0755783349;0.0977424277;0.1277150793;0.1544756252;0.1554474299;0.1356503905;0.1059796254;0.086476147;0.0754416594;0.0717499771;0.0696098615;0.0687546468;0.0679938147;0.0663714759;0.070718742;0.0758065666;0.0827305911;0.084791427;0.0858332639;0.0999808762;0.1231002029;0.1370019012;0.1329085576;0.1157833897;0.1150887389;0.1213257173;0.1189193154;0.1029997175;0.0864217802;0.0796896065;0.1034034242;0.127911983;0.1472855534;0.1774475174;0.1868848527;0.148050507;0.1065437163;0.1009389447;0.1230885289;0.1591321804
US Virginia;8535519;102279;0.287064437;0.0509992033;0.0822337864;0.012345679;;0;0;0;0;0;0;0;0;0;0;0;0;0;0;0;0;0;0;0;0;0;0;0;0;0;0;0;0;0;0;0;0;0;0;0;0;0;0;0;0;0;0;0;0;0;0;0;0;0;0;0;0;0;0;0;0;0.2355809123;0.2105032317;0.2124901761;0.2219911615;0.259371257;0.2795969174;0.287064437;0.2758332369;0.2476226566;0.2475180053;0.2526675746;0.2560859845;0.2467163938;0.2260826281;0.2122381104;0.1984045219;0.1948215952;0.1920539962;0.1863675687;0.1708236806;0.1555401507;0.1414603983;0.1330488349;0.1315156541;0.1334551802;0.1300472448;0.1208236143;0.1123915426;0.1013462086;0.0945273345;0.091856462;0.0981089965;0.1003036644;0.1020525764;0.1038666655;0.10116568;0.1016086645;0.1057071292;0.1105514374;0.1067497358;0.1027155912;0.0981286835;0.0921506404;0.091112699;0.0943774485;0.0996128201;0.1035079475;0.1017840402;0.099010422;0.0923426225;0.0848543236;0.078479296;0.0755495076;0.0759292749;0.07881732;0.0831835001;0.0840552295;0.084872093;0.0868550914;0.0881177453;0.0883343308;0.0860162661;0.0810814013;0.0765332404;0.0766400826;0.0785348557;0.0812965005;0.0799754526;0.0761408266;0.0774423962;0.0850165728;0.0954834995;0.0964756787;0.0939998489;0.0861842385;0.079988617;0.0769119615;0.070008325;0.0664360081;0.0630109994;0.061765657;0.0621100001;0.0675737352;0.0735945157;0.0687330171;0.0614056636;0.0543124428;0.0509992033;0.0560919952;0.0609112084;0.0633888069;0.0607725959;0.0589884448;0.0576451583;0.0615144679;0.0734775233;0.0782592375;0.078881149;0.0762275469;0.0732140956;0.0715702445;0.0736511113;0.0782872508;0.0790359064;0.0770739545;0.0741130418;0.0705813904;0.0695909944;0.0732497619;0.0785553738;0.0813519149;0.080584615;0.0763705233;0.0732250306;0.0757082232;0.0822337864
US Washington;7614893;172119;0.3126977359;0.008208017;0.0804168133;0.0165107177;;0;0;0;0;0;0;0;0;0;0;0;0;0;0;0;0;0;0;0;0;0;0.1091763911;0.0990384428;0.089691427;0.1118194907;0.1603515339;0.2325235666;0.2921876581;0.3126977359;0.2973174822;0.2436484651;0.2073430867;0.1802582077;0.1757578523;0.181983491;0.191205805;0.1961079581;0.1900435913;0.1749632306;0.1704952882;0.1799369359;0.1948996406;0.2109905576;0.2111722288;0.2012521694;0.1799382197;0.1664093159;0.1610669194;0.1675759364;0.1759367434;0.1814708982;0.181768762;0.1732787306;0.1661391033;0.1565392741;0.1473201183;0.1412585996;0.1363281669;0.1302486438;0.1220250218;0.1112832635;0.1035824266;0.0974412141;0.0966170577;0.096827814;0.0972203476;0.0941410187;0.0873301693;0.0845905991;0.0812071389;0.0819805144;0.0826515515;0.0837896213;0.0800759676;0.0720927025;0.0680644255;0.0640332402;0.0658613426;0.0688563441;0.071379763;0.071862366;0.0688476393;0.0672894302;0.0649929024;0.0689401016;0.0737431463;0.0781199809;0.0804400103;0.0775250167;0.0762888851;0.0728971741;0.0736625917;0.075044203;0.0766030488;0.0767997742;0.0729309138;0.0715309465;0.0689134213;0.0706757506;0.072510978;0.0771505205;0.0804379972;0.0777478306;0.0739193203;0.0685634447;0.0687562424;0.0716969165;0.0760460643;0.0738215034;0.0671729317;0.0645980153;0.0655951932;0.0707756664;0.0755549402;0.0808837988;0.0791489598;0.0739041088;0.0721184342;0.072397447;0.0761756397;0.0797482941;0.0809045184;0.0796141598;0.0761190966;0.0749696692;0.0720622729;0.0738401799;0.0780321175;0.0826917622;0.0841673096;0.0799662284;0.0768035578;0.0746743813;0.0769586286;0.0793443274;0.0827846474;0.0833456603;0.0780021611;0.0731038857;0.0694519195;0.0702647937;0.072075228;0.0751894419;0.0745925371;0.0679693071;0.0635654715;0.0641572903;0.0739072431;0.0856962623;0.0929464094;0.0844657504;0.056563419;0.0237309819;0.008208017;0.0278272719;0.0665920855;0.099360103;0.1207603803;0.1164308161;0.1214853304;0.117491051;0.1105562709;0.1067811125;0.1033480576;0.101209617;0.0926199117;0.0910078566;0.0851845634;0.0877952139;0.0895630922;0.0864795262;0.0804168133
US West Virginia;1792147;62259;0.4681347098;0.0446987842;0.1235283001;0.0228471002;;0;0;0;0;0;0;0;0;0;0;0;0;0;0;0;0;0;0;0;0;0;0;0;0;0;0;0;0;0;0;0;0;0;0;0;0;0;0;0;0;0;0;0;0;0;0;0;0;0;0;0;0;0;0;0;0;0;0;0;0;0;0;0;0;0;0.4363519564;0.4681347098;0.3961944238;0.3235993135;0.2482239553;0.2117280169;0.1909671812;0.1833710971;0.170602108;0.1576272829;0.1431574392;0.1448321691;0.1468350107;0.1491419901;0.1482172914;0.1345766417;0.1145377021;0.0844864131;0.0681344968;0.0610139776;0.0643532196;0.071193957;0.077402047;0.0817895297;0.084409446;0.0929968325;0.0958243598;0.0891295454;0.0731719238;0.0611225267;0.0625080656;0.0636605553;0.0597818424;0.0594167858;0.0563564818;0.0514316009;0.0551001921;0.0705502753;0.0800894797;0.0790872793;0.0771123368;0.0774033975;0.0773417348;0.0840363547;0.0884523419;0.083672386;0.0751089753;0.0584313391;0.0541018565;0.0585279659;0.0689614117;0.0745364327;0.0738528754;0.0716981811;0.0649271643;0.0751747409;0.0915962114;0.1053533558;0.1270455278;0.1346652744;0.1218496175;0.1102869614;0.1006358621;0.0835683391;0.0763532761;0.0751574724;0.0621877134;0.0563855327;0.0493682775;0.0467175672;0.048472708;0.057148162;0.0592428972;0.0505968157;0.0498761701;0.0446987842;0.0489620135;0.062391884;0.0719521216;0.0840812963;0.0848806445;0.085351933;0.0888163617;0.0949634988;0.1055839734;0.1016259223;0.0996237439;0.0976903361;0.0946873928;0.0842985679;0.0793800705;0.077019059;0.0800854098;0.0883291243;0.0893671423;0.0924248506;0.0905137135;0.0847279628;0.0862599442;0.0985021997;0.1034828192;0.0999236141;0.1092436056;0.1132714032;0.1195396005;0.1252611523;0.1235283001
US Wisconsin;5822434;140268;0.4464630009;0.055044601;0.0876768977;0.0257487073;;0;0;0;0;0;0;0;0;0;0;0;0;0;0;0;0;0;0;0;0;0;0;0;0;0;0;0;0;0;0;0;0;0;0;0;0;0;0;0;0;0;0;0;0;0;0;0;0;0;0;0;0;0;0;0;0;0;0.4340637419;0.4464630009;0.4296077646;0.395299306;0.340133853;0.2811663336;0.2326007722;0.1986771937;0.1975774358;0.2025683479;0.2006334288;0.1840616885;0.1591352543;0.1446368842;0.1385543674;0.1387619824;0.1393736245;0.1334513403;0.1198905183;0.1058802966;0.0999230072;0.0953385112;0.0923823183;0.0890164129;0.0825611634;0.0757680726;0.0685402395;0.0674148378;0.0693133091;0.0767722945;0.0829731718;0.0845170484;0.0840098544;0.0808755171;0.0812429013;0.0833651642;0.0929347773;0.1033204601;0.1109632403;0.1111953667;0.1023841882;0.0921805945;0.085262446;0.0892861789;0.0995932068;0.1071732365;0.1054550393;0.0959514967;0.0880897925;0.0834256587;0.0855012508;0.0882739308;0.0874344726;0.0820763172;0.0735919212;0.0652735703;0.0627875574;0.0697878861;0.081456289;0.0920759672;0.0960162535;0.0896618352;0.0788843445;0.0758008301;0.0836863661;0.0951179218;0.1004397324;0.0959455065;0.0834891307;0.0747558716;0.0737801076;0.081835497;0.0939831876;0.0987366202;0.0887980604;0.0693206686;0.0591490275;0.0586662795;0.0678808911;0.0770606745;0.0772885687;0.0685231252;0.0584836873;0.055044601;0.0568700506;0.0656717586;0.073171899;0.0727094447;0.067263164;0.0632621227;0.0618396651;0.0660171489;0.0737534595;0.0815345188;0.0859023763;0.0832859886;0.0789029639;0.0735961686;0.0761107788;0.0827453902;0.0915683689;0.0972690294;0.0969715694;0.0908950574;0.0857948916;0.086557301;0.0882927287;0.0912001934;0.09307525;0.0901089326;0.0846684433;0.0791332676;0.076615407;0.0796568456;0.0876768977
US Wyoming;578759;251470;0.2759348797;0.0365885393;0.0768427541;0.0273743017;;0;0;0;0;0;0;0;0;0;0;0;0;0;0;0;0;0;0;0;0;0;0;0;0;0;0;0;0;0;0;0;0;0;0;0;0;0;0;0;0;0;0;0;0;0;0;0;0;0;0;0;0;0;0;0;0;0;0;0;0;0;0.1414676325;0.1102120504;0.1333681034;0.1788309132;0.2331704071;0.2759348797;0.2540517436;0.2074540747;0.1617959267;0.1457633508;0.1485102093;0.1582309064;0.1668248557;0.1498393302;0.1274007434;0.1034933028;0.0837673834;0.0666818828;0.0599868807;0.0661581978;0.0714431197;0.072639557;0.065565194;0.0579928298;0.051177276;0.0517533578;0.0587429592;0.0567267566;0.0539420754;0.0497158188;0.0462825265;0.0486118608;0.0667677629;0.0854042509;0.107795671;0.115006693;0.1071193341;0.1265289412;0.1828128131;0.2335344877;0.2268758681;0.1523110027;0.089902014;0.0391091134;0.0365885393;0.0375153472;0.0432897451;0.0457896485;0.0461873874;0.040974166;0.0393902781;0.0666452913;0.0696983859;0.077802802;0.0780958055;0.082696143;0.085290969;0.0914100387;0.0885057994;0.0879820634;0.0809753225;0.0676595283;0.0682910321;0.0638484918;0.0641419962;0.0699090992;0.073146904;0.0752204652;0.0717862103;0.082663589;0.0720188129;0.0575829139;0.0494800025;0.0392550606;0.0400355984;0.0477317995;0.0573752686;0.0667105991;0.075482823;0.0833904341;0.0911164527;0.1103264907;0.1221765044;0.1279824164;0.1210401617;0.1034900781;0.084894284;0.0849227314;0.0919529895;0.1006823359;0.0962171755;0.0856825558;0.0783249575;0.0794330556;0.0884958107;0.0983938381;0.107611285;0.1049359056;0.0963953215;0.0865203702;0.0818354536;0.0827298374;0.0850224967;0.0803182625;0.0755926558;0.0729200267;0.0726984218;0.074537441;0.0802623741;0.0820960374;0.0768427541
