Country/Region;Population;Area;Maximum;Per 100,000 inh.;% Confirmed;% aCFR;Comments;2020-01-22;2020-01-23;2020-01-24;2020-01-25;2020-01-26;2020-01-27;2020-01-28;2020-01-29;2020-01-30;2020-01-31;2020-02-01;2020-02-02;2020-02-03;2020-02-04;2020-02-05;2020-02-06;2020-02-07;2020-02-08;2020-02-09;2020-02-10;2020-02-11;2020-02-12;2020-02-13;2020-02-14;2020-02-15;2020-02-16;2020-02-17;2020-02-18;2020-02-19;2020-02-20;2020-02-21;2020-02-22;2020-02-23;2020-02-24;2020-02-25;2020-02-26;2020-02-27;2020-02-28;2020-02-29;2020-03-01;2020-03-02;2020-03-03;2020-03-04;2020-03-05;2020-03-06;2020-03-07;2020-03-08;2020-03-09;2020-03-10;2020-03-11;2020-03-12;2020-03-13;2020-03-14;2020-03-15;2020-03-16;2020-03-17;2020-03-18;2020-03-19;2020-03-20;2020-03-21;2020-03-22;2020-03-23;2020-03-24;2020-03-25;2020-03-26;2020-03-27;2020-03-28;2020-03-29;2020-03-30;2020-03-31;2020-04-01;2020-04-02;2020-04-03;2020-04-04;2020-04-05;2020-04-06;2020-04-07;2020-04-08;2020-04-09;2020-04-10;2020-04-11;2020-04-12;2020-04-13;2020-04-14;2020-04-15;2020-04-16;2020-04-17;2020-04-18;2020-04-19;2020-04-20;2020-04-21;2020-04-22;2020-04-23;2020-04-24;2020-04-25;2020-04-26;2020-04-27;2020-04-28;2020-04-29;2020-04-30;2020-05-01;2020-05-02;2020-05-03;2020-05-04;2020-05-05;2020-05-06;2020-05-07;2020-05-08;2020-05-09;2020-05-10;2020-05-11;2020-05-12;2020-05-13;2020-05-14;2020-05-15;2020-05-16;2020-05-17;2020-05-18;2020-05-19;2020-05-20;2020-05-21;2020-05-22;2020-05-23;2020-05-24;2020-05-25;2020-05-26;2020-05-27;2020-05-28;2020-05-29;2020-05-30;2020-05-31;2020-06-01;2020-06-02;2020-06-03;2020-06-04;2020-06-05;2020-06-06;2020-06-07;2020-06-08;2020-06-09;2020-06-10;2020-06-11;2020-06-12;2020-06-13;2020-06-14;2020-06-15;2020-06-16;2020-06-17;2020-06-18;2020-06-19;2020-06-20;2020-06-21;2020-06-22;2020-06-23;2020-06-24;2020-06-25;2020-06-26;2020-06-27;2020-06-28;2020-06-29;2020-06-30;2020-07-01;2020-07-02;2020-07-03;2020-07-04;2020-07-05;2020-07-06;2020-07-07;2020-07-08;2020-07-09;2020-07-10;2020-07-11;2020-07-12;2020-07-13;2020-07-14;2020-07-15;2020-07-16;2020-07-17;2020-07-18;2020-07-19;2020-07-20;2020-07-21;2020-07-22;2020-07-23;2020-07-24;2020-07-25;2020-07-26;2020-07-27;2020-07-28;2020-07-29;2020-07-30;2020-07-31;2020-08-01;2020-08-02;2020-08-03;2020-08-04;2020-08-05;2020-08-06;2020-08-07;2020-08-08;2020-08-09;2020-08-10;2020-08-11;2020-08-12;2020-08-13;2020-08-14;2020-08-15;2020-08-16;2020-08-17;2020-08-18;2020-08-19;2020-08-20;2020-08-21;2020-08-22;2020-08-23;2020-08-24;2020-08-25;2020-08-26;2020-08-27;2020-08-28;2020-08-29;2020-08-30;2020-08-31;2020-09-01;2020-09-02;2020-09-03;2020-09-04;2020-09-05;2020-09-06;2020-09-07;2020-09-08;2020-09-09;2020-09-10;2020-09-11;2020-09-12;2020-09-13;2020-09-14;2020-09-15;2020-09-16;2020-09-17;2020-09-18;2020-09-19;2020-09-20;2020-09-21;2020-09-22;2020-09-23;2020-09-24;2020-09-25;2020-09-26;2020-09-27;2020-09-28;2020-09-29;2020-09-30;2020-10-01;2020-10-02;2020-10-03;2020-10-04;2020-10-05;2020-10-06;2020-10-07;2020-10-08;2020-10-09;2020-10-10;2020-10-11;2020-10-12;2020-10-13;2020-10-14;2020-10-15;2020-10-16;2020-10-17;2020-10-18;2020-10-19;2020-10-20;2020-10-21;2020-10-22;2020-10-23;2020-10-24;2020-10-25;2020-10-26;2020-10-27;2020-10-28;2020-10-29;2020-10-30;2020-10-31;2020-11-01;2020-11-02;2020-11-03;2020-11-04;2020-11-05;2020-11-06;2020-11-07;2020-11-08;2020-11-09;2020-11-10;2020-11-11;2020-11-12;2020-11-13;2020-11-14;2020-11-15;2020-11-16;2020-11-17;2020-11-18;2020-11-19;2020-11-20;2020-11-21;2020-11-22;2020-11-23;2020-11-24;2020-11-25;2020-11-26;2020-11-27;2020-11-28;2020-11-29;2020-11-30;2020-12-01;2020-12-02;2020-12-03;2020-12-04;2020-12-05;2020-12-06;2020-12-07;2020-12-08;2020-12-09;2020-12-10;2020-12-11;2020-12-12;2020-12-13;2020-12-14;2020-12-15;2020-12-16;2020-12-17;2020-12-18;2020-12-19;2020-12-20;2020-12-21;2020-12-22;2020-12-23;2020-12-24;2020-12-25;2020-12-26;2020-12-27;2020-12-28;2020-12-29;2020-12-30;2020-12-31;2021-01-01;2021-01-02;2021-01-03;2021-01-04;2021-01-05;2021-01-06;2021-01-07;2021-01-08;2021-01-09;2021-01-10;2021-01-11;2021-01-12;2021-01-13;2021-01-14;2021-01-15;2021-01-16;2021-01-17;2021-01-18;2021-01-19;2021-01-20;2021-01-21;2021-01-22;2021-01-23;2021-01-24;2021-01-25;2021-01-26;2021-01-27;2021-01-28;2021-01-29;2021-01-30;2021-01-31;2021-02-01;2021-02-02;2021-02-03;2021-02-04;2021-02-05;2021-02-06;2021-02-07;2021-02-08;2021-02-09;2021-02-10;2021-02-11;2021-02-12;2021-02-13;2021-02-14;2021-02-15;2021-02-16;2021-02-17;2021-02-18;2021-02-19;2021-02-20;2021-02-21;2021-02-22;2021-02-23;2021-02-24;2021-02-25;2021-02-26;2021-02-27;2021-02-28;2021-03-01;2021-03-02;2021-03-03;2021-03-04;2021-03-05;2021-03-06;2021-03-07;2021-03-08;2021-03-09;2021-03-10;2021-03-11;2021-03-12;2021-03-13;2021-03-14;2021-03-15;2021-03-16;2021-03-17;2021-03-18;2021-03-19;2021-03-20;2021-03-21;2021-03-22;2021-03-23;2021-03-24;2021-03-25;2021-03-26;2021-03-27;2021-03-28;2021-03-29;2021-03-30;2021-03-31;2021-04-01;2021-04-02;2021-04-03;2021-04-04;2021-04-05;2021-04-06;2021-04-07;2021-04-08;2021-04-09;2021-04-10;2021-04-11;2021-04-12;2021-04-13;2021-04-14;2021-04-15;2021-04-16;2021-04-17;2021-04-18;2021-04-19;2021-04-20;2021-04-21;2021-04-22;2021-04-23;2021-04-24;2021-04-25;2021-04-26;2021-04-27;2021-04-28;2021-04-29;2021-04-30;2021-05-01;2021-05-02;2021-05-03;2021-05-04;2021-05-05;2021-05-06;2021-05-07;2021-05-08;2021-05-09;2021-05-10;2021-05-11;2021-05-12;2021-05-13;2021-05-14;2021-05-15;2021-05-16;2021-05-17;2021-05-18;2021-05-19;2021-05-20;2021-05-21;2021-05-22;2021-05-23;2021-05-24;2021-05-25;2021-05-26;2021-05-27;2021-05-28;2021-05-29;2021-05-30
Australia;25499884;7682300;910;3.5686436848;0.030227537;0.0303040394;;0;0;0;0;0;0;0;0;0;0;0;0;0;0;0;0;0;0;0;0;0;0;0;0;0;0;0;0;0;0;0;0;0;0;0;0;0;0;0;1;1;1;2;2;2;2;3;3;3;3;3;3;3;3;3;5;6;6;7;7;7;7;8;8;13;13;14;16;17;18;20;24;28;30;35;40;45;50;51;54;57;60;61;62;63;65;66;67;69;70;72;73;75;79;80;83;86;89;91;93;94;94;95;96;97;97;97;97;98;98;98;98;98;98;99;99;99;100;100;101;101;102;102;102;103;103;103;103;103;103;103;103;103;103;103;103;103;103;103;103;104;104;104;104;104;104;104;104;104;104;104;104;104;104;104;104;104;105;105;105;105;105;105;106;106;106;106;106;107;107;107;108;109;110;111;113;116;118;122;123;126;128;133;139;145;155;161;167;176;189;196;201;208;221;232;247;255;266;278;295;313;331;352;361;375;379;396;421;438;450;463;472;485;502;517;525;549;572;583;600;611;652;657;663;678;737;748;753;762;770;781;788;797;803;810;816;820;824;832;837;844;849;851;854;859;861;869;870;872;875;882;886;888;890;893;894;895;895;897;897;898;898;898;899;899;904;904;904;905;905;905;905;905;906;906;906;906;907;907;907;907;907;907;907;907;907;907;907;907;907;907;907;907;907;907;907;908;908;908;908;908;908;908;908;908;908;908;908;908;908;908;908;908;908;908;908;908;908;908;908;908;908;908;908;908;908;909;909;909;909;909;909;909;909;909;909;909;909;909;909;909;909;909;909;909;909;909;909;909;909;909;909;909;909;909;909;909;909;909;909;909;909;909;909;909;909;909;909;909;909;909;909;909;909;909;909;909;909;909;909;909;909;909;909;909;909;909;909;909;909;909;909;909;910;910;910;910;910;910;910;910;910;910;910;910;910;910;910;910;910;910;910;910;910;910;910;910;910;910;910;910;910;910;910;910;910;910;910;910;910;910;910;910;910;910;910;910;910;910;910;910;910;910;910;910;910;910;910;910;910;910;910;910;910;910;910;910;910;910;910;910;910;910;910;910;910;910;910;910;910;910;910;910;910;910;910;910;910;910;910;910;910;910;910;910;910;910;910;910;910;910;910;910;910;910
Austria;9006398;82409;10596;117.6496974706;0.0164384582;0.0165113597;;0;0;0;0;0;0;0;0;0;0;0;0;0;0;0;0;0;0;0;0;0;0;0;0;0;0;0;0;0;0;0;0;0;0;0;0;0;0;0;0;0;0;0;0;0;0;0;0;0;0;1;1;1;1;3;3;4;6;6;8;16;21;28;30;49;58;68;86;108;128;146;158;168;186;204;220;243;273;295;319;337;350;368;384;393;410;431;443;452;470;491;510;522;530;536;542;549;569;580;584;589;596;598;600;606;608;609;614;615;618;620;623;624;626;628;629;630;631;632;633;634;635;639;640;641;643;645;668;668;668;669;669;669;670;671;672;672;672;673;673;673;674;675;677;678;678;681;687;688;689;689;690;692;693;696;698;699;700;702;703;705;705;705;706;706;706;706;707;707;707;707;708;708;709;709;710;711;711;711;711;711;712;712;712;712;712;713;713;715;716;718;718;718;719;719;719;719;720;720;721;722;723;724;724;725;727;728;729;729;729;730;730;730;732;733;733;733;733;733;734;734;734;734;734;735;735;735;736;736;746;747;748;748;750;754;756;757;758;758;761;763;765;766;767;771;777;783;786;787;789;790;796;799;802;803;809;813;818;822;830;838;842;852;854;855;861;872;877;882;889;893;904;914;925;941;954;965;979;992;1005;1027;1056;1082;1109;1130;1159;1192;1227;1268;1340;1377;1411;1454;1499;1564;1608;1661;1746;1829;1887;1945;2054;2116;2224;2328;2388;2459;2577;2667;2773;2886;3018;3105;3184;3325;3446;3538;3651;3757;3840;3897;4002;4056;4163;4289;4415;4473;4530;4648;4764;4982;5127;5209;5351;5435;5540;5654;5745;5783;5843;5881;5931;6059;6149;6222;6261;6275;6324;6357;6457;6525;6568;6641;6687;6723;6747;6819;6868;6921;6987;7053;7082;7122;7199;7237;7288;7330;7389;7418;7451;7515;7564;7607;7658;7703;7721;7778;7847;7902;7936;7973;7994;8012;8032;8071;8114;8138;8170;8195;8211;8221;8260;8290;8312;8348;8368;8386;8397;8434;8470;8493;8515;8538;8561;8574;8605;8625;8652;8669;8694;8713;8732;8757;8776;8798;8831;8856;8873;8892;8925;8956;8982;9024;9052;9074;9089;9121;9151;9178;9200;9231;9256;9275;9308;9339;9368;9397;9434;9449;9482;9517;9546;9586;9624;9662;9687;9706;9748;9779;9813;9843;9870;9898;9922;9959;9997;10026;10055;10070;10087;10098;10126;10152;10179;10205;10233;10245;10260;10291;10311;10333;10351;10374;10382;10392;10413;10428;10444;10455;10470;10474;10480;10499;10508;10527;10534;10541;10546;10547;10551;10566;10573;10588;10592;10596
Belgium;11589623;30280;24940;215.1925045362;0.0235016962;0.0237564082;;0;0;0;0;0;0;0;0;0;0;0;0;0;0;0;0;0;0;0;0;0;0;0;0;0;0;0;0;0;0;0;0;0;0;0;0;0;0;0;0;0;0;0;0;0;0;0;0;0;3;3;3;4;4;5;10;14;21;37;67;75;88;122;178;220;289;353;431;513;705;828;1011;1143;1283;1447;1632;2035;2240;2523;3019;3346;3600;3903;4157;4440;4857;5163;5453;5683;5828;5998;6262;6490;6679;6917;7094;7207;7331;7501;7594;7703;7765;7844;7924;8016;8339;8415;8521;8581;8656;8707;8761;8843;8903;8959;9005;9052;9080;9108;9150;9186;9212;9237;9280;9312;9334;9364;9388;9430;9453;9467;9486;9505;9522;9548;9566;9580;9595;9606;9619;9629;9636;9646;9650;9655;9661;9663;9675;9683;9695;9696;9702;9707;9713;9722;9726;9731;9732;9737;9742;9747;9754;9761;9765;9771;9773;9774;9775;9776;9778;9781;9782;9784;9785;9787;9788;9795;9800;9802;9803;9805;9807;9808;9812;9817;9821;9822;9822;9833;9836;9840;9841;9845;9848;9850;9852;9859;9861;9866;9870;9872;9879;9885;9900;9916;9924;9935;9939;9944;9959;9969;9976;9985;9988;9992;9996;9996;9996;9996;9997;9997;9997;9997;9997;9997;9997;9998;9998;9998;9998;9998;9998;9998;9999;9999;9999;9999;9999;9999;9999;9999;10000;10000;10000;10000;10000;10000;10000;10001;10001;10001;10001;10016;10023;10037;10044;10064;10078;10092;10108;10126;10151;10175;10191;10211;10244;10278;10327;10359;10392;10413;10443;10489;10539;10588;10658;10737;10810;10899;11038;11170;11308;11452;11625;11737;11858;12126;12331;12520;12708;12907;13055;13216;13561;13758;13891;14106;14303;14421;14616;14839;15025;15196;15352;15522;15618;15755;15938;16077;16219;16339;16461;16547;16645;16786;16911;17033;17142;17254;17320;17386;17507;17603;17692;17742;17792;17951;18054;18178;18278;18371;18455;18545;18626;18697;18821;18939;19038;19089;19158;19200;19234;19361;19441;19528;19581;19644;19701;19750;19827;19883;19936;19992;20038;20078;20122;20194;20250;20294;20352;20396;20435;20472;20554;20572;20620;20675;20726;20779;20814;20879;20933;20982;21018;21066;21092;21124;21173;21216;21260;21295;21352;21389;21423;21472;21512;21551;21599;21634;21662;21702;21750;21793;21821;21859;21887;21903;21923;21956;21988;22006;22034;22052;22077;22106;22141;22169;22196;22215;22240;22261;22292;22327;22347;22370;22397;22421;22441;22545;22572;22600;22624;22650;22679;22707;22728;22763;22786;22816;22852;22870;22897;22921;22966;23016;23045;23083;23130;23169;23202;23247;23301;23348;23390;23428;23473;23503;23566;23603;23636;23681;23718;23747;23782;23834;23867;23909;23954;23990;24024;24065;24104;24140;24185;24230;24258;24291;24322;24367;24406;24444;24483;24511;24551;24583;24609;24630;24645;24664;24686;24709;24723;24749;24768;24794;24809;24823;24842;24853;24873;24889;24902;24910;24921;24940
Brazil;212559417;8358140;461931;217.3185298114;0.0279701873;0.0286544254;;0;0;0;0;0;0;0;0;0;0;0;0;0;0;0;0;0;0;0;0;0;0;0;0;0;0;0;0;0;0;0;0;0;0;0;0;0;0;0;0;0;0;0;0;0;0;0;0;0;0;0;0;0;0;0;1;3;6;11;15;25;34;46;59;77;92;111;136;159;201;240;324;359;445;486;564;686;819;950;1057;1124;1223;1328;1532;1736;1924;2141;2354;2462;2587;2741;2906;3331;3704;4057;4286;4603;5083;5513;6006;6412;6761;7051;7367;7938;8588;9190;10017;10656;11123;11653;12461;13240;13999;14962;15662;16118;16853;17983;18859;20047;21048;22013;22666;23473;24512;25598;26754;27878;28834;29314;29937;31199;32548;34021;35026;35930;36455;37134;38406;39680;40919;41828;42720;43332;43959;45241;46510;47748;48954;49976;50591;51271;52645;53830;54971;55961;57070;57622;58314;59594;60632;61884;63174;64265;64867;65487;66741;67964;69184;70398;71469;72100;72833;74133;75366;76688;77851;78772;79488;80120;81487;82771;84082;85238;86449;87004;87618;88539;90134;91263;92475;93563;94104;94665;95819;97256;98493;99572;100477;101049;101752;103026;104201;105463;106523;107232;107852;108536;109888;111100;112304;113358;114250;114744;115309;116580;117665;118649;119504;120262;120828;121381;122596;123780;124614;125502;126203;126650;126960;127464;128539;129522;130396;131210;131625;132006;133119;134106;134935;135793;136532;136895;137272;138105;138957;139808;140537;141406;141741;142058;142921;143952;144680;145334;145987;146352;146675;147494;148228;148957;149639;150198;150488;150689;150998;151747;152460;153214;153675;153926;154176;154837;155403;155900;156471;156903;157134;157397;157946;158456;158969;159477;159884;160074;160253;160496;161106;161561;162015;162269;162397;162628;162802;163368;164281;164737;165658;165798;166014;166699;167455;168061;168613;168989;169183;169485;170115;170769;171460;171974;172561;172833;173120;173817;174515;175270;175964;176628;176941;177317;178159;178995;179765;180437;181123;181402;181835;182799;183735;184827;185650;186356;186764;187291;188259;189220;189982;190488;190795;191139;191570;192681;193875;194949;195411;195725;196018;196561;197732;198974;200498;201460;202631;203100;203580;204690;205964;207095;208246;209296;209847;210299;211491;212831;214147;215243;216445;217037;217664;218878;220161;221547;222666;223945;224504;225099;226309;227563;228795;230034;230784;231534;232527;233520;234850;236201;237489;238532;239245;239773;240940;242090;243457;244737;245977;246504;247143;248529;249957;251498;252835;254221;254942;255720;257361;259271;260970;262770;264325;265411;266398;268370;270656;272889;275105;277102;278229;279286;282127;284775;287499;290314;292752;294042;295425;298676;300685;303462;307112;310550;312206;313866;317646;321515;325284;328206;330193;331433;332752;336947;340776;345025;348718;351334;353137;354617;358425;361884;365444;368749;371678;373335;374682;378003;381475;383502;386416;389492;390797;391936;395022;398185;401186;403781;406437;407639;408622;411588;414399;416949;419114;421316;422340;423229;425540;428034;430417;432628;434715;435751;436537;439050;441691;444094;446309;448208;449068;449858;452031;454429;456674;459045;461057;461931
Canada;37742154;9093510;25473;67.4921733402;0.0183740419;0.0186173342;;0;0;0;0;0;0;0;0;0;0;0;0;0;0;0;0;0;0;0;0;0;0;0;0;0;0;0;0;0;0;0;0;0;0;0;0;0;0;0;0;0;0;0;0;0;0;0;1;1;1;1;1;1;1;4;6;11;11;15;19;22;29;33;42;57;66;82;96;125;152;175;224;277;360;435;520;581;648;771;867;986;1095;1225;1361;1515;1718;1844;1987;2145;2291;2484;2679;2850;3030;3217;3374;3559;3756;4000;4179;4381;4529;4669;4911;5081;5240;5387;5540;5704;5822;5956;6107;6210;6331;6452;6571;6661;6753;6828;6950;7046;7144;7238;7326;7420;7512;7606;7717;7797;7857;7906;7952;8008;8062;8126;8166;8228;8269;8313;8347;8382;8413;8442;8470;8489;8497;8521;8542;8555;8580;8609;8626;8646;8670;8700;8723;8730;8739;8749;8768;8780;8790;8806;8813;8821;8823;8836;8843;8855;8865;8879;8882;8887;8895;8900;8914;8926;8936;8939;8943;8947;8954;8958;8966;8970;8974;8978;8991;9001;9006;9019;9025;9029;9032;9035;9043;9049;9055;9060;9064;9067;9074;9080;9085;9091;9095;9101;9106;9108;9118;9124;9127;9141;9142;9146;9154;9159;9164;9168;9181;9184;9185;9193;9197;9199;9205;9206;9207;9209;9212;9219;9223;9231;9232;9233;9236;9249;9257;9262;9267;9279;9286;9288;9300;9309;9317;9325;9332;9338;9343;9360;9373;9391;9407;9505;9526;9570;9599;9617;9636;9654;9668;9694;9708;9720;9752;9777;9796;9828;9836;9860;9891;9909;9946;9977;10004;10026;10057;10095;10120;10158;10192;10237;10276;10313;10345;10403;10444;10484;10546;10593;10641;10702;10769;10832;10905;10951;11013;11078;11152;11220;11324;11394;11461;11527;11583;11662;11762;11820;11902;11988;12056;12130;12239;12317;12423;12513;12616;12690;12775;12896;12993;13109;13227;13355;13453;13537;13677;13793;13911;14067;14180;14284;14374;14481;14607;14752;14902;14966;15051;15171;15328;15528;15650;15762;15806;15914;16006;16247;16389;16539;16704;16846;16984;17074;17199;17359;17539;17686;17856;17978;18106;18231;18382;18567;18706;18887;18992;19119;19245;19392;19485;19676;19825;19958;20041;20145;20242;20361;20486;20607;20700;20760;20830;20914;21007;21089;21168;21238;21261;21298;21395;21439;21509;21581;21631;21675;21720;21761;21810;21868;21915;21961;21990;22014;22043;22105;22152;22183;22212;22234;22271;22302;22330;22367;22397;22426;22455;22484;22509;22543;22577;22605;22635;22656;22695;22715;22739;22771;22809;22830;22855;22871;22892;22960;22998;23011;23038;23060;23083;23132;23160;23196;23236;23270;23294;23336;23370;23428;23482;23531;23572;23611;23649;23698;23761;23810;23870;23912;23950;24011;24048;24110;24165;24220;24245;24269;24334;24400;24437;24479;24523;24554;24577;24660;24693;24755;24802;24857;24884;24904;24964;24999;25050;25093;25148;25180;25206;25231;25269;25303;25393;25424;25451;25473
China;1439323776;9388211;4846;0.3366858855;0.0470544826;0.0470988434;;17;18;26;42;56;82;131;133;171;213;259;361;425;491;563;633;718;805;905;1012;1112;1117;1369;1521;1663;1766;1864;2003;2116;2238;2341;2443;2445;2595;2665;2717;2746;2790;2837;2872;2914;2947;2983;3015;3044;3072;3100;3123;3139;3161;3172;3180;3193;3203;3217;3230;3241;3249;3253;3259;3274;3278;3281;3285;3291;3296;3299;3304;3308;3309;3316;3322;3326;3330;3333;3335;3336;3337;3339;3340;3343;3344;3345;3346;3346;3991;4636;4636;4636;4636;4636;4637;4637;4637;4637;4637;4637;4637;4637;4637;4637;4637;4637;4637;4637;4638;4638;4638;4638;4638;4638;4638;4638;4638;4638;4638;4638;4638;4638;4638;4638;4638;4638;4638;4638;4638;4638;4638;4638;4638;4638;4638;4638;4639;4639;4639;4639;4639;4639;4639;4639;4639;4639;4639;4639;4639;4639;4639;4639;4639;4639;4639;4640;4640;4641;4641;4641;4641;4641;4641;4641;4641;4641;4641;4641;4642;4642;4642;4642;4642;4642;4642;4642;4642;4642;4644;4645;4645;4646;4647;4647;4648;4649;4649;4650;4652;4654;4656;4657;4658;4659;4661;4667;4669;4672;4676;4677;4680;4681;4684;4686;4689;4693;4697;4700;4701;4703;4704;4704;4705;4706;4709;4710;4711;4711;4712;4712;4713;4715;4718;4721;4722;4723;4724;4727;4728;4729;4729;4730;4732;4733;4733;4734;4734;4734;4735;4735;4736;4736;4737;4737;4737;4737;4738;4738;4738;4739;4739;4739;4739;4739;4739;4739;4739;4739;4739;4739;4739;4739;4739;4739;4739;4739;4739;4739;4739;4739;4740;4740;4740;4740;4740;4740;4740;4740;4740;4740;4740;4740;4740;4740;4740;4740;4740;4740;4740;4740;4740;4741;4741;4741;4742;4742;4742;4742;4742;4742;4742;4742;4742;4742;4742;4743;4743;4743;4743;4743;4743;4743;4743;4743;4743;4743;4744;4744;4744;4745;4746;4746;4747;4747;4748;4748;4748;4749;4749;4751;4754;4757;4758;4759;4763;4764;4764;4765;4766;4767;4769;4770;4771;4771;4775;4777;4781;4782;4783;4784;4786;4787;4788;4788;4789;4789;4791;4792;4793;4794;4796;4796;4797;4797;4798;4798;4800;4801;4803;4803;4804;4804;4807;4809;4811;4813;4814;4815;4817;4818;4820;4821;4822;4822;4823;4823;4824;4824;4825;4827;4828;4829;4830;4830;4831;4833;4833;4833;4833;4834;4834;4834;4834;4834;4835;4835;4835;4836;4836;4837;4837;4838;4838;4838;4839;4839;4839;4839;4839;4839;4839;4839;4839;4840;4840;4840;4840;4840;4840;4840;4840;4841;4841;4841;4841;4841;4842;4842;4842;4842;4842;4842;4842;4843;4843;4843;4843;4843;4844;4844;4844;4845;4845;4845;4845;4845;4845;4845;4845;4845;4846;4846;4846;4846;4846;4846;4846;4846;4846;4846;4846;4846;4846;4846;4846;4846;4846;4846;4846;4846;4846;4846;4846;4846;4846;4846;4846;4846;4846;4846;4846;4846;4846;4846;4846;4846;4846;4846
Finland;5540720;303890;948;17.1096897154;0.0102561883;0.0103471987;;0;0;0;0;0;0;0;0;0;0;0;0;0;0;0;0;0;0;0;0;0;0;0;0;0;0;0;0;0;0;0;0;0;0;0;0;0;0;0;0;0;0;0;0;0;0;0;0;0;0;0;0;0;0;0;0;0;0;0;1;1;1;1;3;5;7;9;11;13;17;17;19;20;25;28;28;34;40;42;48;49;56;59;64;72;75;82;90;94;98;141;149;172;177;186;190;193;199;206;211;218;220;230;240;246;252;255;260;265;267;271;275;284;287;293;297;298;300;301;304;306;306;307;307;308;312;313;314;314;316;320;320;321;321;322;322;323;323;324;324;325;325;325;326;326;326;326;326;327;327;327;327;327;327;328;328;328;328;328;328;329;329;329;329;329;329;329;329;329;329;329;330;330;330;330;330;330;330;330;330;330;330;330;330;330;330;330;331;331;331;331;331;331;331;331;331;331;332;332;332;333;333;333;333;333;334;334;334;334;334;334;334;335;335;335;335;335;335;335;336;336;336;336;336;336;336;336;337;337;337;337;337;337;338;338;338;339;339;339;340;340;340;341;341;342;343;343;344;344;345;345;345;345;345;346;346;346;346;346;347;347;348;348;349;349;350;350;351;351;352;353;353;354;355;355;356;356;356;357;357;357;358;358;358;359;359;360;361;362;362;362;363;363;364;365;367;369;370;370;371;373;374;375;375;378;381;384;386;388;391;393;395;397;399;404;408;410;413;415;420;424;429;433;442;453;456;458;461;466;472;484;489;495;500;506;511;524;528;533;537;542;546;550;556;561;562;563;564;565;576;580;584;586;590;593;597;602;609;616;618;619;620;620;621;632;638;644;648;651;655;658;660;664;671;673;675;677;684;685;688;691;694;697;700;703;706;708;710;712;714;716;720;723;725;726;726;730;733;734;737;740;742;745;747;750;755;759;764;767;769;772;774;776;779;783;786;791;795;800;801;804;805;806;807;807;808;809;809;815;817;819;820;822;826;844;846;849;852;854;857;860;862;866;868;870;872;874;877;881;885;887;888;890;891;893;899;902;903;904;905;906;908;911;913;914;914;915;915;916;918;919;922;923;925;926;927;930;931;931;932;932;933;934;935;936;936;937;938;939;942;946;947;948;948;948
France;65273511;547557;108574;166.3370000121;0.01851807;0.01851807;;0;0;0;0;0;0;0;0;0;0;0;0;0;0;0;0;0;0;0;0;0;0;0;0;1;1;1;1;1;1;1;1;1;1;1;2;2;2;2;2;3;4;4;7;9;16;19;25;33;48;48;79;91;120;148;180;211;243;450;562;674;860;1100;1331;1695;1994;2311;2603;3020;3517;4767;5376;6496;7548;8066;8899;10315;10856;12196;13181;13816;14377;14950;15693;17129;17882;18642;19283;19668;20214;20736;21280;21796;22185;22554;22796;23233;23600;24026;24315;24532;24729;24862;25168;25498;25772;25950;26192;26271;26341;26604;26951;27034;27383;27485;27581;28064;28193;28224;28254;28285;28315;28401;28405;28408;28545;28546;28612;28663;28720;28751;28780;28886;28967;29011;29056;29087;29100;29154;29239;29260;29287;29315;29339;29347;29375;29487;29512;29540;29554;29570;29575;29597;29651;29662;29679;29704;29715;29725;29736;29763;29781;29794;29812;29821;29829;29838;29847;29877;29890;29914;29921;29927;29934;29977;30020;30036;30049;30056;30064;30071;30072;30072;30073;30082;30087;30093;30098;30110;30123;30139;30150;30160;30169;30179;30180;30188;30192;30204;30209;30213;30218;30231;30248;30264;30281;30282;30283;30302;30323;30340;30351;30374;30382;30390;30397;30416;30432;30448;30465;30471;30474;30501;30525;30547;30564;30568;30571;30575;30578;30616;30643;30661;30740;30757;30761;30795;30844;30889;30936;31090;31115;31126;31179;31256;31283;31333;31483;31522;31549;31630;31701;31761;31817;31952;31977;32009;32078;32143;32222;32295;32404;32439;32485;32580;32687;32791;32876;33054;33127;33212;33358;33620;33782;33936;34234;34370;34551;34732;35253;35496;35728;36273;36495;36726;37142;38414;38572;38730;39558;39861;40131;40679;41897;42225;42640;43572;43925;44227;44733;45950;46375;46792;47930;48182;48396;48896;49900;50281;50610;51567;51779;51977;52383;53158;53468;53791;54418;54630;54804;55170;56001;56294;56584;57211;57404;57554;57925;58712;59001;59259;59869;60056;60186;60537;61339;61614;61904;62063;62209;62382;62745;63713;64016;64267;64399;64555;64671;65049;65915;66197;66472;67062;67229;67380;67690;68431;68660;68942;69576;69766;69906;70309;70963;71273;71619;72268;72497;72668;73113;73725;74075;74418;75238;75478;75673;76128;76852;77209;77710;78211;78401;78572;79030;79752;80045;80404;81046;81244;81405;81817;82399;82705;82975;83542;83693;83852;84185;84610;84884;85141;85676;85858;85980;86347;86764;87079;87372;87796;87958;88088;88447;88811;89063;89328;89551;89720;89927;90260;90660;90731;91148;91433;91600;91737;92080;92367;92594;92819;93714;93904;94028;94388;94769;95052;95356;95683;95865;96046;96243;96672;97047;97422;97654;97886;98118;98503;98836;99133;99427;99758;99947;100075;100522;100895;101221;101498;101830;102046;102190;102567;102907;103219;103525;103815;104007;104093;104404;104658;104900;105119;105370;105530;105645;105937;106186;106350;106481;106652;106764;106845;107041;107256;107390;107522;107645;107732;107789;107851;108071;108201;108343;108466;108532;108574
Germany;83783942;348560;88431;105.5464781067;0.02397989;0.0241615414;;0;0;0;0;0;0;0;0;0;0;0;0;0;0;0;0;0;0;0;0;0;0;0;0;0;0;0;0;0;0;0;0;0;0;0;0;0;0;0;0;0;0;0;0;0;0;0;2;2;3;3;7;9;11;17;24;28;44;67;84;94;123;157;206;267;342;433;533;645;775;920;1107;1275;1444;1584;1810;2016;2349;2607;2767;2895;3022;3194;3294;3804;4052;4352;4459;4586;4862;5033;5279;5575;5760;5877;5976;6126;6314;6467;6623;6736;6812;6866;6993;7134;7275;7392;7510;7549;7569;7661;7738;7861;7884;7897;7938;7962;8003;8081;8144;8203;8228;8261;8283;8309;8372;8428;8470;8504;8530;8540;8555;8563;8602;8635;8658;8673;8685;8695;8736;8752;8772;8783;8793;8801;8807;8820;8851;8875;8887;8895;8897;8899;8914;8928;8940;8965;8968;8972;8976;8990;8995;9006;9010;9020;9023;9028;9032;9046;9057;9063;9070;9071;9074;9078;9080;9087;9088;9091;9092;9094;9099;9102;9110;9120;9124;9125;9125;9131;9135;9144;9147;9154;9157;9160;9163;9179;9181;9195;9201;9202;9203;9208;9213;9217;9230;9235;9236;9236;9241;9249;9263;9266;9272;9275;9276;9281;9285;9290;9295;9299;9300;9303;9307;9322;9325;9327;9329;9330;9331;9336;9342;9345;9348;9352;9354;9356;9367;9373;9376;9386;9388;9390;9398;9405;9423;9436;9451;9459;9464;9468;9483;9495;9509;9518;9531;9533;9554;9566;9582;9594;9599;9620;9626;9640;9682;9716;9739;9773;9785;9798;9842;9882;9911;9960;9978;10035;10062;10091;10121;10218;10305;10391;10483;10513;10669;10717;10949;11110;11240;11306;11372;11408;11781;11994;12216;12404;12511;12573;12833;13138;13390;13662;13918;14061;14159;14460;14832;15210;15640;16011;16181;16306;16694;17177;17659;18097;18577;18839;18989;19434;20002;20460;21064;21567;21900;22106;22634;23544;24273;25027;25754;26171;26400;27110;28096;28909;29330;29580;29946;30297;31145;32267;33230;33791;34145;34480;34791;35748;36757;37835;38987;40022;40597;40936;41799;42889;44096;45207;45705;46464;46901;47263;48997;50010;50876;51713;51873;52296;53127;53619;54498;55883;56286;57105;57163;58059;58992;59776;60634;61324;61551;61708;62191;63006;63672;64224;64771;64990;65107;65288;65829;66732;67245;67741;67883;67946;68363;68785;69170;69343;69939;70092;70152;70514;70926;71285;71554;71852;71951;71984;72236;72534;72858;73120;73348;73369;73463;73701;73952;74043;74402;74608;74706;74756;75009;75255;75484;75669;75828;75915;75959;76139;76389;76589;76823;76940;77010;77060;77136;77245;77755;78049;78295;78402;78500;78796;79137;79427;79672;79894;79971;80052;80353;80680;80938;81203;81492;81610;81671;82009;82325;82588;82865;83097;83207;83292;83605;83890;84141;84425;84659;84789;84844;85118;85385;85451;85853;86030;86100;86166;86386;86671;86908;87135;87303;87385;87429;87461;87733;88000;88192;88360;88413;88431
India;1380004385;2973190;329100;23.8477503099;0.0117336519;0.012212013;;0;0;0;0;0;0;0;0;0;0;0;0;0;0;0;0;0;0;0;0;0;0;0;0;0;0;0;0;0;0;0;0;0;0;0;0;0;0;0;0;0;0;0;0;0;0;0;0;0;1;1;2;2;2;2;3;3;4;5;5;7;10;10;12;20;20;24;27;32;35;58;72;79;86;99;136;150;178;226;246;288;331;358;393;405;448;486;521;559;592;645;681;721;780;825;881;939;1008;1079;1154;1223;1323;1391;1566;1693;1785;1889;1985;2101;2212;2294;2415;2551;2649;2753;2871;3025;3156;3302;3434;3584;3726;3868;4024;4172;4344;4534;4711;4980;5185;5408;5608;5829;6088;6363;6649;6946;7207;7473;7750;8102;8498;8884;9195;9520;9900;11903;12237;12573;12948;13254;13699;14011;14476;14894;15301;15685;16095;16475;16893;17400;17834;18213;18655;19268;19693;20159;20642;21129;21604;22123;22673;23174;23727;24309;24914;25602;26273;26816;27497;28082;28732;29861;30601;31358;32060;32771;33408;34193;34955;35718;36511;37364;38135;38938;39795;40699;41585;42518;43379;44386;45257;46091;47033;48040;49036;49980;50921;51797;52888;53866;54849;55794;56706;57542;58390;59357;60472;61529;62550;63498;64469;65288;66333;67376;68472;69561;70626;71642;72775;73890;75062;76271;77472;78586;79722;80776;82066;83198;84372;85619;86752;87882;88935;90020;91149;92290;93379;94503;95542;96318;97497;98678;99773;100842;101782;102685;103569;104555;105526;106490;107416;108334;109150;109856;110586;111266;112161;112998;114031;114610;115197;115914;116616;117306;117956;118534;119014;119502;120010;120527;121090;121641;122111;122607;123097;123611;124315;124985;125562;126121;126611;127059;127571;128121;128668;129188;129635;130070;130519;130993;131578;132162;132726;133227;133738;134218;134699;135223;135715;136200;136696;137139;137621;138122;138648;139188;139700;140182;140573;140958;141360;141772;142185;142628;143019;143355;143709;144096;144451;144789;145136;145477;145810;146111;146444;146756;147092;147343;147622;147901;148153;148439;148738;148866;148994;149435;149649;149850;150114;150336;150570;150785;150999;151160;151327;151529;151727;151918;152093;152274;152419;152556;152718;152869;153032;153184;153339;153470;153587;153724;153847;154010;154147;154274;154392;154486;154596;154703;154823;154918;154996;155080;155158;155252;155360;155447;155550;155642;155732;155813;155913;156014;156111;156212;156302;156385;156463;156567;156705;156825;156938;157051;157157;157248;157346;157435;157548;157656;157756;157853;157930;158063;158189;158306;158446;158607;158725;158856;159044;159216;159370;159558;159755;159967;160166;160441;160692;160949;161240;161552;161843;162114;162468;162927;163396;164110;164623;165101;165547;166177;166862;167642;168436;169275;170179;171058;172085;173123;174308;175649;177150;178769;180530;182553;184657;186920;189544;192311;195123;197894;201187;204832;208330;211853;215542;218959;222408;226188;230168;234083;238270;242347;246116;249992;254197;258317;262317;266207;270284;274390;278719;283248;287122;291331;295525;299266;303720;307231;311388;315235;318895;322512;325972;329100
Iran;83992949;1628550;79939;95.1734650965;0.0275452828;0.0281126617;;0;0;0;0;0;0;0;0;0;0;0;0;0;0;0;0;0;0;0;0;0;0;0;0;0;0;0;0;2;2;4;5;8;12;16;19;26;34;43;54;66;77;92;107;124;145;194;237;291;354;429;514;611;724;853;988;1135;1284;1433;1556;1685;1812;1934;2077;2234;2378;2517;2640;2757;2898;3036;3160;3294;3452;3603;3739;3872;3993;4110;4232;4357;4474;4585;4683;4777;4869;4958;5031;5118;5209;5297;5391;5481;5574;5650;5710;5806;5877;5957;6028;6091;6156;6203;6277;6340;6418;6486;6541;6589;6640;6685;6733;6783;6854;6902;6937;6988;7057;7119;7183;7249;7300;7359;7417;7451;7508;7564;7627;7677;7734;7797;7878;7942;8012;8071;8134;8209;8281;8351;8425;8506;8584;8659;8730;8837;8950;9065;9185;9272;9392;9507;9623;9742;9863;9996;10130;10239;10364;10508;10670;10817;10958;11106;11260;11408;11571;11731;11931;12084;12305;12447;12635;12829;13032;13211;13410;13608;13791;13979;14188;14405;14634;14853;15074;15289;15484;15700;15912;16147;16343;16569;16766;16982;17190;17405;17617;17802;17976;18132;18264;18427;18616;18800;18988;19162;19331;19492;19639;19804;19972;20125;20264;20376;20502;20643;20776;20901;21020;21137;21249;21359;21462;21571;21672;21797;21926;22044;22154;22293;22410;22542;22669;22798;22913;23029;23157;23313;23453;23632;23808;23952;24118;24301;24478;24656;24840;25015;25222;25394;25589;25779;25986;26169;26380;26567;26746;26957;27192;27419;27658;27888;28098;28293;28544;28816;29070;29349;29605;29870;30123;30375;30712;31034;31346;31650;31985;32320;32616;32953;33299;33714;34113;34478;34864;35298;35738;36160;36579;36985;37409;37832;38291;38749;39202;39664;40121;40582;41034;41493;41979;42461;42941;43417;43896;44327;44802;45255;45738;46207;46689;47095;47486;47874;48246;48628;48990;49348;49695;50016;50310;50594;50917;51212;51496;51727;51949;52196;52447;52670;52883;53095;53273;53448;53625;53816;54003;54156;54308;54440;54574;54693;54814;54946;55095;55223;55337;55438;55540;55650;55748;55830;55933;56018;56100;56171;56262;56360;56457;56538;56621;56717;56803;56886;56973;57057;57150;57225;57294;57383;57481;57560;57651;57736;57807;57889;57959;58038;58110;58189;58256;58336;58412;58469;58536;58625;58686;58751;58809;58883;58945;59028;59117;59184;59264;59341;59409;59483;59572;59663;59736;59830;59899;59980;60073;60181;60267;60353;60431;60512;60594;60687;60786;60867;60928;61016;61069;61142;61230;61330;61427;61492;61581;61649;61724;61797;61877;61951;62045;62142;62223;62308;62397;62478;62569;62665;62759;62876;62999;63160;63332;63506;63699;63884;64039;64232;64490;64764;65055;65359;65680;66008;66327;66732;67130;67525;67913;68366;68746;69120;69574;70070;70532;70966;71351;71758;72090;72484;72875;73219;73568;73906;74241;74524;74910;75261;75568;75934;76231;76433;76633;76936;77222;77532;77765;77994;78194;78381;78597;78848;79056;79219;79384;79568;79741;79939
Ireland;4937786;68890;4941;100.0650899006;0.0193863538;0.0193863538;;0;0;0;0;0;0;0;0;0;0;0;0;0;0;0;0;0;0;0;0;0;0;0;0;0;0;0;0;0;0;0;0;0;0;0;0;0;0;0;0;0;0;0;0;0;0;0;0;0;1;1;1;2;2;2;2;2;3;3;3;4;6;7;9;19;22;36;46;54;71;85;98;120;137;158;174;210;235;263;287;320;334;365;406;444;486;530;571;610;687;730;769;794;1014;1063;1087;1102;1159;1190;1232;1265;1286;1303;1319;1339;1375;1403;1429;1446;1458;1467;1488;1497;1506;1518;1533;1543;1547;1561;1571;1583;1592;1604;1608;1612;1615;1631;1639;1645;1651;1652;1655;1658;1659;1664;1670;1678;1679;1683;1691;1695;1703;1705;1706;1706;1708;1709;1710;1714;1715;1715;1716;1717;1720;1726;1727;1730;1734;1735;1736;1736;1738;1739;1740;1741;1741;1742;1742;1743;1743;1744;1746;1747;1747;1748;1748;1749;1752;1753;1753;1754;1754;1754;1763;1764;1764;1764;1765;1765;1765;1766;1766;1766;1767;1767;1767;1768;1768;1772;1772;1773;1773;1773;1774;1774;1774;1775;1775;1775;1775;1776;1776;1777;1777;1777;1777;1777;1777;1777;1777;1777;1777;1778;1778;1778;1778;1778;1778;1778;1778;1778;1781;1782;1782;1783;1784;1786;1787;1788;1789;1792;1792;1793;1793;1794;1794;1797;1800;1802;1802;1803;1803;1804;1806;1808;1810;1810;1811;1811;1816;1817;1821;1824;1826;1827;1830;1835;1838;1841;1849;1852;1859;1865;1868;1871;1878;1882;1884;1885;1890;1896;1902;1908;1913;1915;1917;1922;1930;1933;1940;1945;1947;1948;1963;1965;1969;1972;1978;1979;1984;1995;2006;2010;2018;2022;2023;2026;2028;2033;2036;2043;2050;2052;2053;2069;2074;2080;2086;2099;2100;2101;2101;2102;2117;2120;2123;2124;2126;2134;2140;2143;2149;2154;2158;2165;2171;2184;2192;2194;2200;2204;2205;2213;2226;2237;2248;2252;2259;2265;2282;2299;2307;2327;2336;2344;2352;2397;2460;2488;2536;2595;2608;2616;2708;2768;2818;2870;2947;2970;2977;3066;3120;3167;3214;3292;3307;3317;3418;3512;3586;3621;3674;3686;3687;3752;3794;3846;3865;3931;3948;3964;3980;4036;4082;4109;4135;4136;4137;4181;4237;4271;4300;4313;4319;4326;4333;4357;4396;4405;4419;4422;4437;4452;4499;4509;4518;4534;4540;4546;4552;4566;4571;4576;4585;4587;4588;4610;4628;4631;4651;4653;4666;4667;4681;4687;4705;4713;4715;4718;4723;4727;4732;4737;4769;4783;4785;4794;4803;4812;4820;4831;4835;4836;4842;4847;4856;4866;4867;4872;4873;4874;4884;4896;4899;4903;4906;4907;4907;4908;4915;4921;4923;4924;4926;4927;4929;4937;4939;4941;4941;4941;4941;4941;4941;4941;4941;4941;4941;4941;4941;4941;4941;4941;4941;4941
Israel;8655535;21640;6411;74.0682118436;0.0076370706;0.0076378986;;0;0;0;0;0;0;0;0;0;0;0;0;0;0;0;0;0;0;0;0;0;0;0;0;0;0;0;0;0;0;0;0;0;0;0;0;0;0;0;0;0;0;0;0;0;0;0;0;0;0;0;0;0;0;0;0;0;0;1;1;1;1;4;5;10;12;13;16;17;21;29;38;43;49;56;64;72;80;89;97;103;109;118;126;139;146;155;166;174;180;189;192;196;199;202;204;208;213;219;225;229;232;235;238;240;241;242;248;251;255;260;263;266;268;270;271;275;278;280;281;281;282;282;282;284;285;286;287;288;289;289;290;292;293;294;294;298;300;301;301;302;302;303;303;305;306;306;306;307;307;308;309;309;311;314;318;321;324;326;327;327;330;331;334;339;341;349;354;359;364;368;373;380;384;391;397;406;418;426;436;448;457;463;479;487;494;505;512;520;535;550;564;578;589;604;615;625;634;646;659;666;681;692;707;723;735;745;764;768;782;794;806;819;829;842;858;877;888;899;911;916;930;953;968;982;998;1010;1025;1037;1054;1074;1089;1103;1123;1138;1155;1175;1191;1217;1235;1255;1282;1303;1334;1360;1385;1416;1446;1471;1503;1532;1567;1604;1650;1675;1712;1748;1775;1820;1846;1893;1933;1968;2014;2044;2082;2117;2148;2182;2214;2247;2278;2298;2323;2352;2378;2405;2440;2468;2496;2506;2525;2536;2561;2580;2596;2622;2639;2652;2668;2676;2683;2689;2699;2706;2718;2723;2735;2744;2751;2763;2770;2778;2784;2796;2813;2820;2826;2831;2840;2846;2856;2864;2872;2882;2886;2895;2896;2909;2917;2924;2932;2934;2961;2969;2983;2999;3004;3014;3034;3050;3057;3074;3099;3111;3136;3150;3171;3186;3210;3226;3256;3292;3307;3325;3356;3392;3416;3445;3496;3529;3552;3596;3645;3671;3704;3771;3817;3870;3910;3959;4005;4044;4080;4181;4245;4266;4341;4419;4498;4513;4605;4669;4700;4738;4796;4816;4887;4948;5001;5020;5071;5121;5171;5216;5257;5283;5304;5351;5388;5414;5441;5473;5509;5526;5552;5577;5596;5634;5660;5687;5697;5732;5752;5760;5790;5803;5822;5834;5856;5891;5917;5933;5950;5967;5980;5988;6011;6030;6048;6057;6069;6073;6082;6092;6109;6122;6154;6163;6165;6175;6185;6197;6203;6209;6220;6228;6236;6243;6248;6257;6266;6279;6280;6292;6296;6304;6309;6312;6315;6316;6331;6335;6341;6345;6346;6347;6349;6350;6352;6353;6359;6361;6362;6363;6365;6366;6367;6369;6370;6374;6375;6376;6377;6378;6379;6379;6380;6380;6381;6382;6389;6392;6395;6396;6397;6401;6404;6406;6406;6407;6407;6407;6409;6411
Italy;60461826;294140;126046;208.4720365541;0.0298970375;0.0300490718;;0;0;0;0;0;0;0;0;0;0;0;0;0;0;0;0;0;0;0;0;0;0;0;0;0;0;0;0;0;0;1;2;3;7;10;12;17;21;29;34;52;79;107;148;197;233;366;463;631;827;1016;1266;1441;1809;2158;2503;2978;3405;4032;4825;5476;6077;6820;7503;8215;9134;10023;10779;11591;12428;13155;13915;14681;15362;15887;16523;17127;17669;18279;18849;19468;19899;20465;21067;21645;22170;22745;23227;23660;24114;24648;25085;25549;25969;26384;26644;26977;27359;27682;27967;28236;28710;28884;29079;29315;29684;29958;30201;30395;30560;30739;30911;31106;31368;31610;31763;31908;32007;32169;32330;32486;32616;32735;32785;32877;32955;33072;33142;33229;33340;33415;33475;33530;33601;33689;33774;33846;33899;33964;34043;34114;34167;34223;34301;34345;34371;34405;34448;34514;34561;34610;34634;34657;34675;34677;34678;34708;34716;34738;34744;34767;34788;34818;34833;34854;34861;34869;34899;34914;34926;34938;34945;34954;34967;34984;34997;35017;35028;35042;35045;35058;35073;35082;35092;35097;35102;35107;35112;35123;35129;35132;35141;35146;35154;35166;35171;35181;35187;35190;35203;35205;35209;35215;35225;35231;35234;35392;35396;35400;35405;35412;35418;35427;35430;35437;35441;35445;35458;35463;35472;35473;35477;35483;35491;35497;35507;35518;35534;35541;35553;35563;35577;35587;35597;35603;35610;35624;35633;35645;35658;35668;35692;35707;35724;35738;35758;35781;35801;35818;35835;35851;35875;35894;35918;35941;35968;35986;36002;36030;36061;36083;36111;36140;36166;36205;36246;36289;36372;36427;36474;36543;36616;36705;36832;36968;37059;37210;37338;37479;37700;37905;38122;38321;38618;38826;39059;39412;39764;40192;40638;41063;41394;41750;42330;42953;43589;44139;44683;45229;45733;46464;47217;47870;48569;49261;49823;50453;51306;52028;52850;53677;54363;54904;55576;56361;57045;58038;58852;59514;60078;60606;61240;61739;62626;63387;64036;64520;65011;65857;66537;67220;67894;68447;68799;69214;69842;70395;70900;71359;71620;71925;72370;73029;73604;74159;74621;74985;75332;75680;76329;76877;77291;77911;78394;78755;79203;79819;80326;80848;81325;81800;82177;82554;83157;83681;84202;84674;85162;85461;85881;86422;86889;87381;87858;88279;88516;88845;89344;89820;90241;90618;91003;91273;91580;92002;92338;92729;93045;93356;93577;93835;94171;94540;94887;95235;95486;95718;95992;96348;96666;96974;97227;97507;97699;97945;98288;98635;98974;99271;99578;99785;100103;100479;100811;101184;101564;101881;102145;102499;103001;103432;103855;104241;104642;104942;105328;105879;106339;106799;107256;107636;107933;108350;108879;109346;109847;110328;110704;111030;111326;111747;112374;112861;113579;113923;114254;114612;115088;115557;115937;116366;116676;116927;117243;117633;117997;118357;118699;119021;119238;119539;119912;120256;120544;120807;121033;121177;121433;121738;122005;122263;122470;122694;122833;123031;123282;123544;123745;123927;124063;124156;124296;124497;124646;124810;125028;125153;125225;125335;125501;125622;125793;125919;126002;126046
Japan;126476461;364555;12926;10.2200835616;0.0173412111;0.0178864984;;0;0;0;0;0;0;0;0;0;0;0;0;0;0;0;0;0;0;0;0;0;0;1;1;1;1;1;2;2;2;2;2;2;2;3;3;4;5;6;6;6;6;7;7;7;7;8;10;13;15;19;21;22;24;30;30;32;33;34;36;40;41;42;45;47;53;56;63;65;67;72;75;81;87;93;96;98;105;113;125;138;147;156;170;186;204;217;236;255;275;303;323;351;360;379;395;417;436;454;481;510;536;560;582;593;605;617;634;654;666;685;707;726;742;760;778;787;796;805;818;826;836;845;852;857;863;870;881;887;894;898;899;902;905;911;916;917;917;920;921;922;923;924;927;928;929;934;935;943;951;955;958;962;965;967;971;971;972;972;973;975;976;977;977;978;978;978;981;982;982;983;983;983;984;984;985;985;986;986;987;988;989;990;992;994;996;998;1000;1001;1004;1007;1008;1012;1013;1018;1023;1028;1034;1042;1045;1047;1052;1058;1066;1073;1080;1093;1103;1112;1135;1148;1157;1175;1179;1188;1201;1219;1230;1241;1251;1271;1285;1298;1313;1327;1334;1352;1361;1366;1377;1398;1412;1416;1428;1441;1448;1455;1463;1481;1490;1500;1504;1508;1518;1519;1525;1540;1544;1547;1549;1561;1568;1575;1580;1591;1594;1598;1602;1609;1614;1617;1623;1626;1628;1631;1635;1646;1650;1664;1670;1672;1676;1679;1686;1697;1706;1710;1716;1721;1726;1731;1748;1756;1769;1776;1787;1794;1799;1806;1810;1815;1821;1834;1840;1847;1854;1864;1865;1874;1883;1895;1908;1920;1930;1932;1943;1949;1963;1983;1996;2028;2042;2057;2076;2109;2141;2174;2210;2229;2259;2299;2334;2376;2395;2446;2462;2481;2530;2581;2623;2661;2709;2749;2784;2833;2877;2941;2967;3016;3062;3100;3152;3196;3243;3292;3540;3571;3631;3679;3755;3820;3884;3962;4021;4066;4114;4178;4275;4341;4419;4475;4524;4582;4686;4778;4872;4980;5063;5119;5193;5297;5387;5500;5597;5688;5753;5833;5952;6068;6172;6278;6372;6424;6507;6602;6723;6800;6863;6928;6966;7038;7139;7218;7294;7360;7438;7485;7541;7595;7664;7738;7818;7859;7889;7940;8005;8068;8135;8190;8196;8255;8301;8359;8412;8457;8515;8566;8587;8625;8682;8718;8750;8783;8802;8821;8857;8908;8929;8956;8989;9021;9050;9079;9112;9155;9173;9191;9198;9210;9229;9251;9286;9311;9325;9352;9369;9393;9422;9471;9506;9552;9593;9610;9629;9682;9737;9778;9834;9890;9939;9968;10031;10052;10160;10199;10281;10342;10391;10441;10501;10566;10712;10796;10860;10931;11045;11148;11249;11330;11424;11471;11587;11803;11900;12006;12119;12203;12265;12351;12457;12573;12691;12786;12877;12926
Korea, South;51269185;97230;1959;3.8210086624;0.0139589568;0.0143010447;;0;0;0;0;0;0;0;0;0;0;0;0;0;0;0;0;0;0;0;0;0;0;0;0;0;0;0;0;0;1;2;2;6;8;10;12;13;13;16;17;28;28;35;35;42;44;50;53;54;60;66;69;72;75;78;81;84;91;94;102;111;116;120;126;131;139;144;152;158;162;165;169;174;177;183;186;192;200;204;208;211;214;217;222;225;229;230;232;234;236;237;238;240;241;242;243;244;246;247;248;250;251;252;254;255;256;256;257;257;258;258;259;260;261;262;263;263;263;264;264;265;266;267;267;269;269;269;270;270;270;271;272;273;273;273;274;274;274;274;276;277;277;277;278;278;278;279;280;280;280;281;281;281;282;282;282;282;282;282;283;283;283;283;283;284;284;285;286;287;288;289;289;290;290;291;291;293;294;295;296;297;297;298;298;298;299;299;300;300;301;301;301;301;302;302;302;303;303;304;305;305;305;305;305;306;306;306;306;306;307;307;309;309;310;310;310;312;313;316;321;323;324;325;326;329;331;333;334;336;341;344;346;350;355;358;363;367;370;372;377;378;383;385;388;391;393;395;399;401;406;407;413;415;416;420;421;422;424;425;427;428;430;432;433;434;438;439;441;443;444;446;447;450;453;455;457;458;459;460;461;462;463;464;466;468;472;474;475;476;477;478;480;485;487;488;488;492;493;494;495;496;498;501;503;505;509;510;513;515;516;522;523;526;527;528;529;536;540;545;549;552;556;564;572;578;580;587;600;612;634;645;659;674;698;722;739;756;773;793;808;819;859;879;900;917;942;962;981;1007;1027;1046;1081;1100;1125;1140;1165;1185;1195;1217;1236;1249;1264;1283;1300;1316;1328;1337;1349;1360;1371;1378;1386;1399;1414;1420;1425;1435;1441;1448;1459;1464;1471;1474;1482;1486;1496;1507;1514;1522;1527;1534;1538;1544;1550;1553;1557;1562;1573;1576;1581;1585;1595;1603;1605;1606;1612;1619;1627;1632;1634;1642;1645;1648;1652;1662;1667;1669;1675;1678;1686;1688;1690;1693;1696;1697;1704;1707;1709;1716;1721;1722;1726;1729;1731;1735;1737;1740;1744;1748;1752;1756;1758;1764;1765;1768;1770;1775;1782;1788;1790;1794;1797;1801;1802;1806;1808;1811;1812;1813;1817;1820;1821;1825;1828;1831;1833;1834;1840;1847;1851;1860;1865;1874;1875;1879;1884;1891;1893;1896;1900;1903;1904;1912;1916;1922;1926;1931;1934;1938;1940;1943;1946;1951;1957;1959
New Zealand;4822233;263310;26;0.5391693019;0.0097268986;0.0097414762;;0;0;0;0;0;0;0;0;0;0;0;0;0;0;0;0;0;0;0;0;0;0;0;0;0;0;0;0;0;0;0;0;0;0;0;0;0;0;0;0;0;0;0;0;0;0;0;0;0;0;0;0;0;0;0;0;0;0;0;0;0;0;0;0;0;0;0;1;1;1;1;1;1;1;1;1;1;1;1;2;4;4;5;9;9;9;11;11;12;12;13;14;17;18;18;19;19;19;19;19;20;20;20;20;21;21;21;21;21;21;21;21;21;21;21;21;21;21;21;21;21;21;21;21;21;21;22;22;22;22;22;22;22;22;22;22;22;22;22;22;22;22;22;22;22;22;22;22;22;22;22;22;22;22;22;22;22;22;22;22;22;22;22;22;22;22;22;22;22;22;22;22;22;22;22;22;22;22;22;22;22;22;22;22;22;22;22;22;22;22;22;22;22;22;22;22;22;22;22;22;22;22;22;22;22;22;22;22;22;22;22;22;22;22;22;22;22;22;22;22;22;22;22;22;22;22;24;24;24;24;24;24;24;24;24;24;24;25;25;25;25;25;25;25;25;25;25;25;25;25;25;25;25;25;25;25;25;25;25;25;25;25;25;25;25;25;25;25;25;25;25;25;25;25;25;25;25;25;25;25;25;25;25;25;25;25;25;25;25;25;25;25;25;25;25;25;25;25;25;25;25;25;25;25;25;25;25;25;25;25;25;25;25;25;25;25;25;25;25;25;25;25;25;25;25;25;25;25;25;25;25;25;25;25;25;25;25;25;25;25;25;25;25;25;25;25;25;25;25;25;25;25;25;25;25;25;25;25;25;25;25;25;25;25;25;25;25;25;25;25;25;25;25;25;25;25;25;25;25;25;25;25;25;25;25;25;25;25;25;25;26;26;26;26;26;26;26;26;26;26;26;26;26;26;26;26;26;26;26;26;26;26;26;26;26;26;26;26;26;26;26;26;26;26;26;26;26;26;26;26;26;26;26;26;26;26;26;26;26;26;26;26;26;26;26;26;26;26;26;26;26;26;26;26;26;26;26;26;26;26;26;26;26;26;26;26;26;26;26;26;26;26;26;26;26;26;26;26;26;26;26;26;26;26;26;26;26;26;26;26;26;26;26;26;26
Norway;5421241;365268;783;14.4431874547;0.0062728321;0.0063839155;;0;0;0;0;0;0;0;0;0;0;0;0;0;0;0;0;0;0;0;0;0;0;0;0;0;0;0;0;0;0;0;0;0;0;0;0;0;0;0;0;0;0;0;0;0;0;0;0;0;0;0;0;3;3;3;3;6;7;7;7;7;10;12;14;14;19;23;25;32;39;44;50;59;62;71;76;89;101;108;113;119;128;134;139;150;152;161;164;165;181;182;187;194;199;201;203;205;206;207;210;211;211;213;214;215;216;217;218;219;222;224;228;229;232;232;233;233;233;234;234;235;235;235;235;236;236;236;236;236;236;237;237;237;238;238;238;239;239;239;240;241;242;242;242;243;243;243;243;244;245;246;247;248;249;249;249;249;250;250;250;250;251;251;251;251;252;252;252;252;252;252;253;253;253;253;254;254;255;255;255;255;255;255;255;255;255;256;256;256;256;256;256;256;256;256;256;256;256;256;257;257;257;257;257;257;261;261;262;262;262;263;264;264;264;264;264;264;264;264;264;264;264;265;265;265;265;265;265;265;265;265;265;265;265;265;265;266;266;266;266;267;268;268;269;269;270;270;271;272;273;274;274;275;275;275;275;275;275;275;276;276;276;276;276;276;277;278;278;278;278;279;279;279;279;279;279;280;280;280;280;281;281;282;282;283;283;283;284;284;285;286;287;288;289;290;291;294;295;296;297;298;300;305;306;308;309;311;314;316;322;328;329;331;332;334;351;353;354;356;357;359;361;372;382;387;389;391;393;395;402;404;404;405;405;405;413;421;423;424;426;427;429;433;436;439;441;444;446;449;452;465;467;472;474;476;478;482;509;511;517;518;520;521;525;543;544;545;546;547;548;550;556;557;564;565;566;567;568;574;582;582;582;583;583;583;592;592;592;593;593;593;600;607;607;607;608;608;608;614;620;621;622;622;623;623;628;632;633;634;635;636;636;637;638;639;639;640;640;640;641;648;648;648;649;649;649;653;656;657;658;658;659;660;661;673;674;674;675;675;676;677;683;684;685;686;686;687;688;706;707;708;708;709;709;722;734;735;736;739;743;746;750;753;754;756;756;757;757;762;767;768;769;770;771;772;773;774;775;776;777;778;779;780;781;781;781;782;782;782;783;783;783;783;783;783
Portugal;10196709;91590;17023;166.9460215056;0.020058728;0.0201344822;;0;0;0;0;0;0;0;0;0;0;0;0;0;0;0;0;0;0;0;0;0;0;0;0;0;0;0;0;0;0;0;0;0;0;0;0;0;0;0;0;0;0;0;0;0;0;0;0;0;0;0;0;0;0;0;1;2;3;6;12;14;23;33;43;60;76;100;119;140;160;187;209;246;266;295;311;345;380;409;435;470;504;535;567;599;629;657;687;714;735;762;785;820;854;880;903;928;948;973;989;1007;1023;1043;1063;1074;1089;1105;1114;1126;1135;1144;1163;1175;1184;1190;1203;1218;1231;1247;1263;1277;1289;1302;1316;1330;1342;1356;1369;1383;1396;1410;1424;1436;1447;1455;1465;1474;1479;1485;1492;1497;1504;1505;1512;1517;1520;1522;1523;1524;1527;1528;1530;1534;1540;1543;1549;1555;1561;1564;1568;1576;1579;1587;1598;1605;1614;1620;1629;1631;1644;1646;1654;1660;1662;1668;1676;1679;1682;1684;1689;1691;1697;1702;1705;1712;1716;1717;1719;1722;1725;1727;1735;1737;1738;1739;1739;1740;1743;1746;1750;1756;1759;1761;1764;1770;1772;1775;1778;1779;1784;1786;1788;1792;1794;1796;1801;1805;1807;1809;1815;1818;1819;1822;1824;1827;1829;1833;1838;1840;1843;1846;1849;1852;1855;1860;1867;1871;1875;1878;1888;1894;1899;1912;1920;1925;1928;1931;1936;1944;1953;1957;1963;1971;1977;1983;1995;2005;2018;2032;2040;2050;2062;2067;2080;2094;2110;2117;2128;2149;2162;2181;2198;2213;2229;2245;2276;2297;2316;2343;2371;2395;2428;2468;2507;2544;2590;2635;2694;2740;2792;2848;2896;2959;3021;3103;3181;3250;3305;3381;3472;3553;3632;3701;3762;3824;3897;3971;4056;4127;4209;4276;4363;4427;4505;4577;4645;4724;4803;4876;4963;5041;5122;5192;5278;5373;5461;5559;5649;5733;5815;5902;5977;6063;6134;6191;6254;6343;6413;6478;6556;6619;6677;6751;6830;6906;6972;7045;7118;7196;7286;7377;7472;7590;7701;7803;7925;8080;8236;8384;8543;8709;8861;9028;9246;9465;9686;9920;10194;10469;10721;11012;11305;11608;11886;12179;12482;12757;13017;13257;13482;13740;13954;14158;14354;14557;14718;14885;15034;15183;15321;15411;15522;15649;15754;15821;15897;15962;16023;16086;16136;16185;16243;16276;16317;16351;16389;16430;16458;16486;16512;16540;16565;16595;16617;16635;16650;16669;16684;16694;16707;16722;16743;16754;16762;16768;16784;16794;16805;16814;16819;16827;16837;16843;16845;16848;16859;16868;16875;16879;16885;16887;16890;16899;16904;16910;16916;16918;16923;16931;16933;16937;16942;16945;16946;16951;16952;16956;16957;16959;16965;16968;16970;16973;16974;16975;16976;16977;16979;16981;16983;16988;16989;16991;16992;16993;16994;16998;16999;17003;17006;17007;17009;17011;17013;17014;17017;17017;17018;17018;17021;17022;17023;17023;17023;17023
Russia;145934462;16376870;119130;81.6325344729;0.0238013846;0.0240549453;;0;0;0;0;0;0;0;0;0;0;0;0;0;0;0;0;0;0;0;0;0;0;0;0;0;0;0;0;0;0;0;0;0;0;0;0;0;0;0;0;0;0;0;0;0;0;0;0;0;0;0;0;0;0;0;0;0;1;1;1;1;1;1;3;3;4;4;8;9;17;24;30;34;43;45;47;58;63;76;94;106;130;148;170;198;232;273;313;361;405;456;513;555;615;681;747;794;867;972;1073;1169;1222;1280;1356;1451;1537;1625;1723;1827;1915;2009;2116;2212;2305;2418;2537;2631;2722;2837;2972;3099;3249;3388;3541;3633;3807;3968;4142;4374;4555;4693;4849;5031;5208;5376;5520;5717;5851;5963;6134;6350;6522;6705;6819;6938;7081;7274;7468;7650;7831;7992;8101;8196;8349;8503;8594;8770;8958;9060;9152;9306;9521;9668;9844;10011;10145;10280;10478;10650;10826;11000;11188;11318;11422;11597;11753;11920;12106;12228;12323;12408;12561;12726;12873;13026;13172;13249;13334;13483;13650;13778;13939;14034;14104;14183;14327;14465;14579;14698;14827;14903;14973;15103;15231;15353;15467;15585;15653;15707;15836;15951;16058;16148;16268;16341;16406;16524;16638;16758;16866;16977;17045;17128;17250;17365;17479;17598;17707;17768;17818;17939;18080;18207;18309;18426;18517;18573;18723;18853;18996;19128;19270;19349;19420;19575;19720;19867;19973;20140;20239;20299;20456;20630;20796;20981;21153;21260;21375;21559;21755;21939;22137;22331;22471;22594;22834;23069;23350;23580;23857;24039;24205;24473;24786;25072;25353;25647;25875;26092;26409;26752;27111;27462;27787;28026;28264;28611;28996;29285;29654;30010;30292;30546;30899;31326;31755;32156;32536;32885;33184;33619;34068;34525;34980;35442;35838;36192;36675;37173;37688;38175;38676;39127;39491;40050;40630;41173;41730;42228;42675;43122;43674;44220;44769;45370;45923;46404;46846;47410;47994;48568;49170;49744;50242;50723;51274;51810;52434;52985;53539;54080;54559;55107;55692;56271;56798;57235;57730;58203;58706;59137;59628;60067;60523;60963;61389;61908;62463;63016;63558;64134;64601;65059;65632;66214;66810;67376;67919;68397;68841;69391;69971;70533;71054;71556;72029;72456;72982;73497;74005;74520;75010;75430;75828;76347;76873;77415;77911;78403;78825;79210;79659;80118;80587;81048;81517;81926;82255;82666;83044;83481;83900;84330;84700;85025;85458;85901;86368;86821;87253;87614;87985;88315;88773;89224;89701;90169;90558;90958;91395;91815;92266;92704;93090;93457;93812;94231;94624;95010;95410;95792;96123;96413;96817;97219;97594;97986;98363;98713;99049;99431;99800;100158;100554;100949;101282;101552;101882;102275;102667;103059;103451;103834;104173;104545;104937;105328;105718;106108;106434;106783;107167;107547;107902;108290;108675;109011;109341;109670;110022;110366;110735;111097;111425;111740;112063;112410;112795;113182;113541;113927;114263;114619;115003;115393;115764;116144;116497;116812;117197;117595;117990;118386;118781;119130
Singapore;5850342;700;33;0.5640695877;0.0005320178;0.0005334627;;0;0;0;0;0;0;0;0;0;0;0;0;0;0;0;0;0;0;0;0;0;0;0;0;0;0;0;0;0;0;0;0;0;0;0;0;0;0;0;0;0;0;0;0;0;0;0;0;0;0;0;0;0;0;0;0;0;0;0;2;2;2;2;2;2;2;2;3;3;3;3;4;5;6;6;6;6;6;6;7;8;8;9;10;10;10;11;11;11;11;11;12;12;12;12;12;14;14;14;15;16;17;18;18;18;20;20;20;20;20;21;21;21;21;21;22;22;22;22;22;23;23;23;23;23;23;23;23;23;23;23;24;24;24;24;24;25;25;25;25;25;25;25;26;26;26;26;26;26;26;26;26;26;26;26;26;26;26;26;26;26;26;26;26;26;26;26;26;26;26;26;26;26;26;27;27;27;27;27;27;27;27;27;27;27;27;27;27;27;27;27;27;27;27;27;27;27;27;27;27;27;27;27;27;27;27;27;27;27;27;27;27;27;27;27;27;27;27;27;27;27;27;27;27;27;27;27;27;27;27;27;27;27;27;27;27;27;27;27;27;27;27;27;27;27;27;27;27;27;27;27;27;27;27;27;27;27;27;27;27;27;27;27;27;28;28;28;28;28;28;28;28;28;28;28;28;28;28;28;28;28;28;28;28;28;28;28;28;28;28;28;28;28;28;28;28;28;28;28;28;28;28;28;28;28;28;28;28;28;28;28;29;29;29;29;29;29;29;29;29;29;29;29;29;29;29;29;29;29;29;29;29;29;29;29;29;29;29;29;29;29;29;29;29;29;29;29;29;29;29;29;29;29;29;29;29;29;29;29;29;29;29;29;29;29;29;29;29;29;29;29;29;29;29;29;29;29;29;29;29;29;29;29;29;29;29;29;29;29;29;29;29;29;29;29;29;29;29;29;29;29;29;29;29;29;29;29;29;29;29;29;29;29;29;29;29;30;30;30;30;30;30;30;30;30;30;30;30;30;30;30;30;30;30;30;30;30;30;30;30;30;30;30;30;30;30;30;30;30;30;30;30;30;30;30;30;30;30;30;30;30;30;30;30;30;31;31;31;31;31;31;31;31;31;31;31;31;31;31;31;31;31;31;31;32;32;32;32;32;32;32;32;32;32;33
Spain;46754778;498800;79905;170.9023193309;0.021780444;0.0219066654;;0;0;0;0;0;0;0;0;0;0;0;0;0;0;0;0;0;0;0;0;0;0;0;0;0;0;0;0;0;0;0;0;0;0;0;0;0;0;0;0;0;1;2;3;5;10;17;28;35;54;55;133;195;289;342;533;623;830;1043;1375;1772;2311;2808;3647;4365;5138;5982;6803;7716;8464;9387;10348;11198;11947;12641;13341;14045;14792;15447;16081;16606;17209;17756;18056;18708;19315;20002;20043;20453;20852;21282;21717;22157;22524;22902;23190;23521;23822;24275;24543;24822;25100;25264;25428;25613;25857;26070;26299;26478;26621;26744;26920;27104;27321;27459;27563;27636;27709;27778;27888;27940;28628;28678;28752;28753;28753;28754;28754;28755;28755;28756;28756;28757;28757;28758;28758;28759;28759;28760;28760;28761;28761;28762;28762;28763;28763;28764;28764;28765;28765;28766;28766;28767;28768;28768;28769;28769;28770;28770;28771;28771;28772;28772;28773;28773;28774;28774;28775;28775;28776;28776;28777;28777;28778;28778;28779;28779;28780;28780;28781;28781;28782;28783;28783;28784;28784;28785;28785;28786;28786;28787;28787;28788;28788;28789;28789;28790;28790;28791;28791;28792;28792;28793;28793;28794;28794;28795;28795;28796;28796;28797;28813;28838;28849;28861;28872;28924;28971;28996;29011;29039;29066;29094;29152;29194;29234;29418;29451;29483;29516;29594;29628;29699;29747;29781;29814;29848;30004;30243;30405;30495;30551;30607;30663;30904;31034;31118;31232;31292;31351;31411;31601;31791;31973;32086;32132;32179;32225;32486;32562;32688;32929;32994;33059;33124;33204;33413;33553;33775;33847;33920;33992;34210;34366;34521;34752;34845;34938;35031;35298;35466;35639;35878;36004;36131;36257;36495;38118;38486;38833;39004;39174;39345;39725;40105;40461;40769;40930;41092;41253;41688;42039;42291;42619;42790;42960;43131;43668;44037;44374;44668;44802;44935;45069;45511;45784;46038;46252;46383;46515;46646;46833;47019;47344;47624;47754;47883;48013;48401;48596;48777;48926;49037;49149;49260;49520;49698;49824;49899;49973;50048;50122;50442;50689;50837;50897;50958;51018;51078;51430;51553;51675;51874;52008;52141;52275;52683;52878;53079;53314;53466;53617;53769;54173;54637;55041;55441;55697;55952;56208;56794;57291;57806;58319;58573;58827;59081;59805;60370;60802;61386;61689;61992;62295;63061;63704;64217;64747;64981;65215;65449;65979;66316;66704;67101;67279;67458;67636;68079;68468;68813;69142;69298;69453;69609;69801;70247;70501;71138;71237;71337;71436;71727;71961;72085;72258;72313;72369;72424;72565;72793;72910;73068;73227;73385;73543;73744;74082;74420;75010;75073;75136;75199;75305;75459;75541;75620;75698;75741;75783;75911;76037;76179;76328;76394;76459;76525;76625;76756;76882;76981;77021;77062;77102;77233;77364;77496;77591;77640;77689;77738;77855;77943;78080;78216;78242;78267;78293;78399;78566;78726;78792;78826;78861;78895;79100;79208;79281;79339;79370;79401;79432;79502;79568;79601;79620;79650;79681;79711;79801;79855;79888;79905;79905;79905
Sweden;10099265;410340;14451;143.0896208784;0.0135249089;0.0135962449;;0;0;0;0;0;0;0;0;0;0;0;0;0;0;0;0;0;0;0;0;0;0;0;0;0;0;0;0;0;0;0;0;0;0;0;0;0;0;0;0;0;0;0;0;0;0;0;0;1;1;2;3;5;7;8;14;21;30;38;49;60;81;103;134;166;201;239;284;332;385;455;535;605;621;638;654;671;687;793;870;887;899;919;1033;1203;1333;1400;1511;1540;1580;1765;1937;2021;2152;2192;2194;2274;2355;2462;2586;2653;2669;2679;2769;2854;2941;3040;3175;3220;3225;3256;3313;3460;3529;3646;3674;3679;3698;3743;3831;3871;3925;3992;3998;4029;4125;4220;4266;4350;4395;4399;4403;4468;4542;4562;4639;4656;4659;4694;4717;4795;4814;4854;4874;4883;4891;4939;5041;5053;5075;5096;5118;5139;5161;5209;5230;5280;5293;5307;5320;5333;5370;5411;5420;5427;5434;5440;5447;5482;5500;5526;5531;5536;5540;5545;5572;5593;5619;5626;5633;5639;5646;5667;5676;5697;5698;5700;5701;5702;5730;5739;5743;5744;5745;5746;5747;5760;5766;5767;5768;5768;5769;5770;5774;5776;5783;5785;5787;5788;5790;5802;5805;5810;5811;5812;5813;5814;5817;5820;5821;5823;5825;5827;5828;5830;5832;5835;5836;5837;5837;5838;5842;5843;5846;5849;5852;5854;5857;5860;5864;5865;5867;5869;5872;5874;5876;5878;5880;5883;5885;5888;5890;5893;5894;5895;5896;5897;5898;5899;5900;5901;5902;5903;5904;5905;5906;5907;5910;5918;5920;5922;5925;5927;5929;5930;5933;5933;5933;5934;5934;5934;5934;5938;5950;5962;5973;5985;5997;6002;6022;6034;6046;6058;6070;6082;6122;6164;6195;6227;6258;6290;6321;6340;6406;6436;6466;6495;6525;6555;6622;6681;6739;6797;6856;6914;6972;7007;7067;7113;7159;7204;7250;7296;7354;7514;7572;7629;7687;7744;7802;7893;7993;8050;8107;8165;8222;8279;8343;8407;8471;8535;8599;8663;8727;8767;8806;8846;8886;8925;8965;9114;9262;9433;9513;9593;9674;9754;9834;10185;10323;10418;10513;10607;10702;10797;10921;11005;11066;11126;11187;11247;11425;11520;11591;11647;11703;11759;11815;11939;12028;12115;12133;12152;12170;12188;12326;12370;12428;12443;12458;12472;12487;12569;12598;12649;12665;12681;12697;12713;12793;12798;12826;12840;12854;12868;12882;12964;12977;13003;13013;13023;13032;13042;13088;13111;13146;13153;13159;13166;13172;13228;13236;13262;13275;13289;13302;13315;13357;13373;13402;13409;13416;13423;13430;13465;13498;13505;13512;13519;13526;13533;13578;13595;13621;13631;13641;13650;13660;13720;13761;13788;13797;13807;13816;13825;13863;13882;13923;13934;13946;13957;13968;14000;14002;14048;14059;14070;14080;14091;14151;14158;14173;14184;14195;14206;14217;14267;14271;14275;14282;14288;14295;14301;14349;14351;14366;14374;14381;14389;14396;14436;14451;14451;14451;14451
Switzerland;8654622;39516;10806;124.8581393849;0.0155925561;0.0156790482;;0;0;0;0;0;0;0;0;0;0;0;0;0;0;0;0;0;0;0;0;0;0;0;0;0;0;0;0;0;0;0;0;0;0;0;0;0;0;0;0;0;0;0;1;1;1;2;2;3;4;4;11;13;14;14;27;28;41;54;75;98;120;122;153;191;231;264;300;359;433;488;536;591;666;715;765;821;895;948;1002;1036;1106;1138;1174;1239;1281;1327;1368;1393;1429;1478;1509;1549;1589;1599;1610;1665;1699;1716;1737;1754;1762;1773;1784;1795;1805;1810;1823;1830;1833;1845;1867;1870;1872;1878;1879;1881;1886;1891;1892;1898;1903;1905;1906;1913;1915;1917;1919;1919;1920;1920;1920;1921;1921;1921;1922;1922;1923;1923;1934;1936;1937;1938;1938;1939;1939;1954;1956;1956;1957;1957;1957;1957;1958;1958;1960;1962;1962;1963;1963;1963;1965;1965;1965;1966;1966;1966;1966;1967;1967;1968;1968;1968;1968;1969;1969;1969;1970;1970;1971;1971;1972;1974;1975;1977;1977;1978;1978;1979;1979;1980;1981;1982;1982;1983;1983;1984;1985;1986;1986;1987;1987;1990;1991;1991;1991;1992;1992;1992;1992;1996;1998;2000;2001;2001;2002;2002;2003;2004;2004;2005;2006;2006;2011;2012;2013;2013;2014;2014;2014;2018;2019;2020;2020;2021;2021;2025;2028;2039;2042;2045;2047;2048;2050;2054;2060;2061;2064;2064;2065;2065;2069;2074;2075;2075;2076;2077;2078;2081;2082;2087;2088;2091;2093;2096;2103;2109;2115;2122;2123;2123;2138;2145;2145;2146;2146;2146;2146;2147;2147;2158;2200;2277;2297;2326;2404;2471;2555;2628;2710;2749;2772;2902;3013;3113;3216;3315;3351;3369;3536;3664;3765;3879;3992;4031;4056;4222;4308;4393;4509;4571;4621;4650;4815;4940;5045;5181;5293;5324;5349;5495;5593;5710;5824;5928;5976;5985;6154;6266;6379;6487;6561;6602;6622;6781;6924;7029;7098;7159;7193;7210;7362;7493;7594;7645;7704;7729;7747;7918;8018;8109;8178;8230;8253;8267;8364;8470;8521;8586;8646;8675;8682;8792;8859;8924;8971;9034;9050;9065;9146;9204;9260;9308;9354;9370;9381;9452;9489;9530;9556;9584;9606;9613;9651;9687;9711;9729;9747;9755;9765;9776;9817;9849;9876;9883;9886;9887;9907;9930;9942;9954;9961;9966;9977;9988;10005;10014;10022;10041;10046;10048;10056;10065;10082;10090;10104;10108;10112;10118;10147;10163;10183;10203;10208;10213;10239;10247;10276;10284;10298;10299;10300;10305;10322;10337;10350;10351;10352;10353;10377;10403;10432;10445;10450;10452;10453;10466;10472;10488;10498;10505;10507;10508;10521;10532;10546;10555;10566;10594;10600;10606;10611;10617;10625;10632;10633;10634;10655;10667;10685;10695;10702;10704;10706;10715;10721;10725;10728;10730;10731;10731;10744;10752;10756;10760;10768;10775;10776;10779;10786;10789;10798;10801;10805;10806
US;331002651;9147420;594430;179.5846644141;0.0178729368;0.0179349524;;0;0;0;0;0;0;0;0;0;0;0;0;0;0;0;0;0;0;0;0;0;0;0;0;0;0;0;0;0;0;0;0;0;0;0;0;0;0;1;1;6;7;11;12;14;17;21;22;28;33;43;51;58;70;97;134;194;266;372;475;597;789;1032;1365;1784;2306;2948;3572;4285;5370;6653;8165;9596;11159;12774;14545;17120;19280;21483;23677;25804;27678;29687;32122;34734;36877;38987;40960;42931;45161;47675;50135;52591;54779;56490;57889;59397;61621;64039;66235;68144;69875;71065;72445;74687;77001;78930;80693;82161;83139;84181;85780;87507;89303;90971;92169;92990;94217;95673;97174;98359;99576;100666;101305;101897;102574;104037;105138;106271;107225;107840;108616;109597;110607;111620;112511;113153;113612;114119;115032;115908;116738;117567;118302;118647;119043;119857;120596;121285;121914;122473;122790;123197;123945;124682;125219;125848;126351;126669;127054;127607;128311;129024;129694;130009;130335;130711;131873;132698;133718;134535;135263;135735;136180;137108;138083;139039;139963;140820;141303;141866;142957;144181;145251;146358;147288;147819;148945;150275;151689;152920;154157;155250;155687;156268;157550;158988;160232;161469;162547;163071;163706;164726;166225;167292;168629;169629;170246;170739;171965;173304;174407;175498;176407;176952;177425;178661;179827;180943;181920;182822;183276;183818;184846;185925;186962;187920;188682;189152;189448;189900;191060;191976;193150;193852;194287;194718;195918;196874;197735;198631;199363;199628;200055;201087;202143;203040;203984;204752;205067;205425;206259;207217;208090;208950;209634;210015;210495;211181;212108;213097;214065;214723;215194;215588;216384;217374;218223;219160;219922;220415;220894;221818;222939;223853;224820;225771;226233;226766;227739;228774;229778;230839;231749;232245;232818;234396;235511;236667;237906;238987;239559;240338;241756;243192;244396;245596;246943;247720;248549;250270;252189;254242;256199;257818;258851;259951;262080;264343;265728;267277;268638;269674;271020;273566;276381;279337;282036;284390;285736;287342;289963;293146;296141;299559;302021;303649;305301;308420;312084;315586;318554;321210;322925;324845;328244;331665;334573;336001;337886;339313;341317;344950;348683;352163;354313;356821;358268;360362;364077;368004;371992;376100;379422;381422;383526;388001;392032;396020;399913;403317;405216;406751;409484;413892;418097;421944;425289;427188;429165;433173;437134;441173;444808;447594;449448;451515;454945;458852;462589;466277;468918;470355;471972;475047;478357;481565;484494;486692;487853;488812;490562;492968;495487;498118;499936;501185;502508;504782;507961;510407;512475;513990;515084;516606;518556;521047;522985;524770;526276;526974;527714;529521;531094;532663;534234;535232;535813;536570;537749;538984;540650;541799;542543;542983;543703;544580;546093;547504;548659;549447;549970;550683;551570;552661;553739;554692;555429;555723;556242;557103;559696;560719;561608;562325;562626;563103;563936;564910;565810;566682;567375;567710;568211;569048;569908;570867;571645;572387;572677;573167;573818;574787;575654;576397;577116;577452;577944;578822;579603;580398;581154;581771;582013;582414;583091;583942;584748;585407;585884;586147;586540;587300;587955;588620;589223;589703;589893;590320;590941;591950;593288;593963;594306;594430
United Kingdom;67886011;241930;127781;188.2287648335;0.0284967449;0.028619006;;0;0;0;0;0;0;0;0;0;0;0;0;0;0;0;0;0;0;0;0;0;0;0;0;0;0;0;0;0;0;0;0;0;0;0;0;0;0;0;0;0;0;0;0;1;2;2;3;7;7;9;10;29;43;65;82;116;162;194;252;288;364;512;703;884;1172;1464;1676;2050;2453;3125;3782;4518;5274;5873;6440;7545;8575;9691;10813;11656;12313;13037;14113;14993;16029;16942;18047;18479;19049;20273;21120;21802;22812;23627;23991;24311;25280;26049;26683;27381;27965;28218;28490;29216;29863;30321;30900;31175;31392;31579;32193;32640;32992;33342;33753;33820;33966;34466;34794;35067;35358;35578;35957;36061;36192;36614;36957;37231;37385;37445;37531;37780;38034;38164;38422;38565;38619;38666;38861;39025;39101;39232;39339;39366;39395;39515;39625;39692;39776;39847;39878;39892;39986;40073;40172;40249;40289;40320;40341;40394;40491;40532;40581;40613;40632;40643;40697;40754;40785;40819;40836;40845;40855;40899;40925;40949;40975;40984;40995;41005;41030;41047;41056;41088;41103;41111;41114;41135;41169;41179;41189;41202;41207;41208;41226;41240;41258;41270;41273;41278;41296;41309;41329;41347;41358;41361;41366;41369;41381;41397;41403;41405;41423;41429;41433;41449;41465;41477;41486;41498;41499;41501;41504;41514;41527;41537;41549;41551;41554;41586;41594;41608;41614;41623;41628;41637;41664;41684;41705;41732;41759;41777;41788;41825;41862;41902;41936;41971;41988;42001;42072;42143;42202;42268;42317;42350;42369;42445;42515;42592;42679;42760;42825;42875;43018;43155;43293;43429;43579;43646;43726;43967;44158;44347;44571;44745;44896;44998;45365;45675;45955;46229;46555;46717;46853;47250;47742;48120;48475;48888;49044;49238;49770;50365;50928;51304;51766;51934;52147;52745;53274;53775;54286;54626;55024;55230;55838;56533;57031;57551;58030;58245;58448;59051;59699;60113;60617;61014;61245;61434;62033;62566;63082;63506;64026;64170;64402;64908;65520;66052;66541;67075;67401;67616;68307;69051;69625;70195;70405;70752;71109;71567;72548;73512;74125;74570;75024;75431;76305;77346;78508;79833;80868;81431;81960;83203;84767;86015;87295;88590;89261;89860;91470;93290;94580;95981;97329;97939;98531;100162;101887;103126;104371;105571;106158;106564;108013;109335;110250;111264;112092;112465;112798;113850;114851;115529;116287;116908;117166;117396;118195;118933;119387;119920;120365;120580;120757;121305;121747;122070;122415;122705;122849;122953;123296;123783;124025;124261;124419;124501;124566;124797;124987;125168;125343;125464;125516;125580;125690;125831;125926;126026;126122;126155;126172;126284;126382;126445;126515;126573;126592;126615;126670;126713;126764;126816;126826;126836;126862;126882;126927;126980;127040;127080;127087;127100;127123;127161;127191;127225;127260;127270;127274;127307;127327;127345;127385;127417;127428;127434;127451;127480;127502;127517;127524;127538;127539;127543;127570;127583;127598;127603;127605;127609;127629;127640;127651;127668;127675;127679;127684;127691;127694;127701;127710;127716;127721;127724;127739;127748;127758;127768;127775;127781
